Epic,TaskID,TaskName,Phase,DependsOn,Acceptance,EstDays,Role,Ref
E1 工程脚手架与基础设施,T1.1,初始化 uv 工程与目录骨架,P0,,uv sync 可用；目录结构(§14)就位；lint/format/pre-commit/CI 通过,2,BE,§14
E1 工程脚手架与基础设施,T1.2,三层配置系统,P0,T1.1,pydantic-settings 合并 默认/外置/env；敏感项外置不入 git；校验失败报错,2,BE,§8.1
E1 工程脚手架与基础设施,T1.3,配置热加载机制,P0,T1.2,运行期白名单参数热改生效；校验失败保留旧值并告警,2,BE,§8.2
E1 工程脚手架与基础设施,T1.4,结构化日志模块(集成 lntools),P0,T1.1,JSON 行日志含规定字段；按大小/时间轮转；lntools 封装可用,2,BE,§11.1
E1 工程脚手架与基础设施,T1.5,DB/Redis 连接管理,P0,T1.2,PG/Redis 连接工厂+池；健康检查；超时与重连,2,BE,§10.3
E1 工程脚手架与基础设施,T1.6,本地开发环境 docker-compose,P0,T1.1,一键起 PG+TimescaleDB、Redis、PgBouncer；挂载初始化脚本,4,OPS,§12.1
E2 数据库Schema与迁移,T2.1,扩展与 schema 初始化 00_extensions,P0,T1.6,timescaledb 等扩展可装；meta/market/realtime/ops 四 schema 建好,1,DBA,§6.4
E2 数据库Schema与迁移,T2.2,元数据层 DDL 10_meta,P0,T2.1,instruments/symbol_map/trading_calendar/future_contracts/option_contracts 建表+约束+索引,2,DBA,§6.3
E2 数据库Schema与迁移,T2.3,行情事实层 DDL 20_market,P0,T2.1,index/future/option × 1d/1m 建表 + create_hypertable + 主键/BRIN,3,DBA,§6.4
E2 数据库Schema与迁移,T2.4,压缩与连续聚合策略 30_compress_ca,P0,T2.3,压缩策略 + 连续聚合(或交易日对齐物化视图)创建并可刷新,2,DBA,§6.4
E2 数据库Schema与迁移,T2.5,实时缓冲层 DDL 40_realtime,P0,T2.1,tick_buffer hypertable + retention policy,1,DBA,§6.6
E2 数据库Schema与迁移,T2.6,运维/权限层 DDL 50_ops,P0,T2.1,users/api_keys/etl_job_run/data_quality_check 建表,2,DBA,§6.7
E2 数据库Schema与迁移,T2.7,schema 版本化迁移框架,P0,T2.2;T2.3;T2.4;T2.5;T2.6,迁移工具可升级/回滚；CI 校验幂等,3,DBA,§12.3
E3 数据源适配层,T3.1,数据源抽象接口,P0,T1.1,HistoryDataSource/RealtimeDataSource Protocol + 标准 DataFrame schema,2,BE,§5.2
E3 数据源适配层,T3.2,RQData 适配器,P0,T3.1;T1.2,license 登录、限频重试；日/分钟/合约/日历归一化输出,4,DATA,§5.2
E3 数据源适配层,T3.3,insight 适配器,P0,T3.1;T1.2,账号/IP 登录、回调接入、回放补数接口、字段归一,4,DATA,§5.1
E3 数据源适配层,T3.4,代码映射服务(symbol_map),P1,T3.2;T3.3;T2.2,双向映射(rqdata/insight↔instrument_id)；缺失代码告警,2,DATA,§5.3
E3 数据源适配层,T3.5,交易日历服务(夜盘归属),P0,T3.2;T2.2,trading_day 归属(夜盘归下一交易日)；单测覆盖边界,2,DATA,§5.3
E4 元数据导入,T4.1,合约/标的元数据导入,P0,T3.2;T2.2,指数/期货/期权 instruments+扩展表导入；幂等,3,DATA,§6.3
E4 元数据导入,T4.2,交易日历导入与维护,P0,T3.5;T2.2,交易日历(含夜盘/上下一交易日)入库；可增量更新,2,DATA,§6.3
E4 元数据导入,T4.3,元数据增量更新与变更检测,P0,T4.1,上市/退市/合约变更检测与更新；留痕,2,DATA,§12.3
E5 盘后日频ETL,T5.1,抽取层框架,P1,T3.2;T4.1,"按 (asset,freq,day,symbols) 分片拉取；断点续拉、限频退避",3,DATA,§7.2
E5 盘后日频ETL,T5.2,转换层框架,P1,T5.1,单位/时区/复权因子归一；trading_day 注入；品种插件挂载点,3,DATA,§7.2
E5 盘后日频ETL,T5.3,数据质量校验框架,P1,T5.2,规则引擎(缺bar/价格跳变/OHLC关系/非负/因子单调)；写 data_quality_check；error 阻断,3,DATA,§7.3
E5 盘后日频ETL,T5.4,幂等写入层,P1,T5.2;T2.3,ON CONFLICT UPSERT/COPY 批量写；重跑一致；导出钩子,3,BE,§7.3
E5 盘后日频ETL,T5.5,日频 pipeline 装配,P1,T5.3;T5.4;T7.2;T7.3,指数→股指期货→股指期权 日频端到端跑通一交易日,2,DATA,§7.3
E6 盘后分钟频ETL,T6.1,分钟频抽取与大批量处理,P2,T5.1,分钟频分片/内存优化拉取；单日全市场可控内存完成,3,DATA,§7.2
E6 盘后分钟频ETL,T6.2,分钟频幂等写入,P2,T5.4;T2.3,hypertable 批量写；压缩前后查询正确；重跑一致,3,BE,§6.4
E6 盘后分钟频ETL,T6.3,连续聚合配置与刷新,P2,T6.2;T2.4,分钟→日频聚合上线(含交易日对齐方案)；刷新可调度,3,DBA,§6.4
E6 盘后分钟频ETL,T6.4,分钟频质量校验,P2,T5.3;T6.1,缺 bar 检测对照交易日历应有分钟数；停牌/半日市处理,2,DATA,§7.3
E6 盘后分钟频ETL,T6.5,分钟频 pipeline 装配,P2,T6.2;T6.4;T7.4,三品种分钟频端到端跑通一交易日,2,DATA,§7.3
E7 品种插件,T7.1,品种插件框架,P1,T1.1,插件注入(字段集/清洗/校验/特有逻辑)接口与注册机制,3,BE,§7.1
E7 品种插件,T7.2,指数插件,P1,T7.1,指数字段集与校验规则,1,DATA,§6.4
E7 品种插件,T7.3,股指期货插件,P1,T7.1,主力连续拼接、结算价、持仓量逻辑+校验,3,DATA,§5.3
E7 品种插件,T7.4,股指期权插件,P2,T7.1,希腊字母/IV、行权要素、合约要素校验,2,DATA,§6.4
E8 Parquet派生层与DuckDB,T8.1,Parquet 导出器,P1,T5.4,Hive 分区布局导出；分区幂等覆盖；schema 稳定,3,DATA,§6.8
E8 Parquet派生层与DuckDB,T8.2,DuckDB 读取封装,P1,T8.1,read_parquet + ATTACH postgres 两种读法；复权计算一致,2,BE,§6.8
E8 Parquet派生层与DuckDB,T8.3,派生层重建工具,P2,T8.1,从 PG 全量/增量重建 Parquet；可指定 trading_day,2,DATA,§12.3
E9 调度与编排,T9.1,调度器(交易日历驱动),P1,T3.5;T1.4,APScheduler 按交易日触发；非交易日跳过,2,BE,§7.2
E9 调度与编排,T9.2,任务编排与依赖,P1,T9.1;T5.5,元数据→日频→分钟频→衍生→导出 顺序编排；失败隔离,2,BE,§7.3
E9 调度与编排,T9.3,ETL 运行记录与补数重跑,P1,T9.2;T2.6,写 etl_job_run；按 trading_day 安全重跑补数,3,BE,§7.3
E9 调度与编排,T9.4,失败重试与告警联动,P2,T9.3;T12.2,重试策略；失败/partial 触发推送,2,BE,§11.2
E10 实时数据链路,T10.1,insight 实时接入,P3,T3.3,回调归一化(symbol_map/时区/trading_day)→写 Redis Stream,3,DATA,§9.1
E10 实时数据链路,T10.2,Redis Streams 分发总线,P3,T10.1;T1.5,按 topic 分流；MAXLEN 控量；消费组与 XACK,3,BE,§9.2
E10 实时数据链路,T10.3,落地 consumer,P3,T10.2;T2.5,批量写 tick_buffer；背压与队列上限；过载丢可重建批并告警,3,BE,§9.2
E10 实时数据链路,T10.4,断点续传与恢复,P3,T10.2;T10.3,last-id 续读 + tick_buffer 补缺 + 盘后修正；演练通过,3,BE,§9.2
E11 数据服务API与SDK,T11.1,查询内核 query-core,P3,T5.4,SQL 构造/参数校验/复权/分页；三形态共用；单测覆盖,3,BE,§10.1
E11 数据服务API与SDK,T11.2,REST 历史接口,P4,T11.1,bars/instruments/calendar/options-greeks；OpenAPI 文档,3,BE,§10.2
E11 数据服务API与SDK,T11.3,WebSocket/SSE 实时订阅,P3,T11.1;T10.2,sub/unsub；从 Redis 推送；10 以内长连接稳定,3,BE,§10.2
E11 数据服务API与SDK,T11.4,鉴权与限流,P4,T11.2;T2.6,API Key 哈希校验、scopes、每键限频；审计可选,2,BE,§10.3
E11 数据服务API与SDK,T11.5,Python client SDK,P4,T11.2;T11.3,import getrich; bars()/subscribe() 走 API+last-id 续传,3,BE,§10.2
E11 数据服务API与SDK,T11.6,PgBouncer 接入与并发压测,P4,T11.2;T1.6,transaction pooling 接入；数百用户历史查询压测达标,2,OPS,§10.3
E12 监控告警与运维,T12.1,心跳监控,P4,T1.4,实时接入/ETL/API 心跳；超时判定,2,BE,§11.2
E12 监控告警与运维,T12.2,企微/飞书推送通道,P4,T1.4,统一 notify 接口；分级、限频合并；企微/飞书可切换,2,BE,§11.3
E12 监控告警与运维,T12.3,监控指标与阈值,P4,T12.1,磁盘水位/Stream 积压/连接数/数据质量 指标与告警阈值,2,OPS,§11.2
E12 监控告警与运维,T12.4,备份与恢复,P4,T2.7,PG 物理/逻辑备份+WAL 归档+Parquet 冷备；恢复演练,2,OPS,§12.2
E12 监控告警与运维,T12.5,生产部署与容量规划,P4,T11.6;T12.4,生产 compose/只读副本上线；容量规划文档与水位告警,3,OPS,§12.1
E13 测试与验收,T13.1,单元测试,横切,T5.4,幂等/校验规则/聚合/日历归属 单测覆盖率达标,3,QA,§14
E13 测试与验收,T13.2,数据一致性测试,横切,T6.3;T8.2,分钟聚合=日频；复权一致；RQData↔insight 对账,3,QA,§13
E13 测试与验收,T13.3,集成与端到端测试,横切,T9.2;T10.4,盘后全链路 + 实时断联恢复演练通过,3,QA,§9
E13 测试与验收,T13.4,性能基准,横切,T6.2;T11.6,分钟频查询 P95、压缩比、并发 基准报告(作 ClickHouse 迁移判据),3,QA,§13.2
