date,rule,return,overnight,intraday,netvalue,confirmed_1457,close_has_signal,ret_overnight,ret_intraday,ret_total,month
2022/6/30,11,0.001991908,0,0.001991908, 1.0020 ,TRUE,TRUE,0,0.001991908,0.001991908,Jun-22
2022/7/1,0,0,0,0, 1.0020 ,FALSE,FALSE,0,0,0,Jul-22
2022/7/4,0,0,0,0, 1.0020 ,FALSE,FALSE,0,0,0,Jul-22
2022/7/5,29,0.018136673,0.00409295,0.013986478, 1.0201 ,TRUE,TRUE,0.00409295,0.013986478,0.018136673,Jul-22
2022/7/6,6,0.001777315,0.000363612,0.00141319, 1.0219 ,TRUE,TRUE,0.000363612,0.00141319,0.001777315,Jul-22
2022/7/7,0,0,0,0, 1.0219 ,FALSE,FALSE,0,0,0,Jul-22
2022/7/8,43,0.009615082,0,0.009615082, 1.0315 ,TRUE,TRUE,0,0.009615082,0.009615082,Jul-22
2022/7/11,5,0.008324905,-0.001152871,0.009488715, 1.0398 ,TRUE,TRUE,-0.001152871,0.009488715,0.008324905,Jul-22
2022/7/12,43,-6.41046E-05,0,-6.41046E-05, 1.0398 ,TRUE,TRUE,0,-6.41E-05,-6.41E-05,Jul-22
2022/7/13,0,0,0,0, 1.0398 ,FALSE,FALSE,0,0,0,Jul-22
2022/7/14,0,0,0,0, 1.0398 ,FALSE,FALSE,0,0,0,Jul-22
2022/7/15,1,0.018386175,0,0.018386175, 1.0582 ,TRUE,TRUE,0,0.018386174636174424,0.018386174636174424,Jul-22
2022/7/18,40,0.00277512,0.000797448,0.001976096, 1.0609 ,TRUE,TRUE,0.000797448,0.001976096,0.00277512,Jul-22
2022/7/19,0,0,0,0, 1.0609 ,FALSE,FALSE,0,0,0,Jul-22
2022/7/20,0,0,0,0, 1.0609 ,FALSE,FALSE,0,0,0,Jul-22
2022/7/21,0,0,0,0, 1.0609 ,FALSE,FALSE,0,0,0,Jul-22
2022/7/22,0,0,0,0, 1.0609 ,FALSE,FALSE,0,0,0,Jul-22
2022/7/25,0,0,0,0, 1.0609 ,FALSE,FALSE,0,0,0,Jul-22
2022/7/26,0,0,0,0, 1.0609 ,FALSE,TRUE,0,0.004850341,0.004850341,Jul-22
2022/7/27,0,0,0,0, 1.0609 ,FALSE,FALSE,0,0,0,Jul-22
2022/7/28,0,0,0,0, 1.0609 ,FALSE,FALSE,0,0,0,Jul-22
2022/7/29,0,0,0,0, 1.0609 ,FALSE,FALSE,0,0,0,Jul-22
2022/8/1,35,0.016770111,0.008279338,0.008421053, 1.0777 ,TRUE,TRUE,0.008279338,0.008421053,0.016770111022696987,Aug-22
2022/8/2,3,0.003664429,0.003664429,0, 1.0814 ,TRUE,TRUE,0.003664429,0,0.003664429,Aug-22
2022/8/3,0,0,0,0, 1.0814 ,FALSE,FALSE,0,0,0,Aug-22
2022/8/4,0,0,0,0, 1.0814 ,FALSE,TRUE,0,0.003239329,0.003239329,Aug-22
2022/8/5,0,0,0,0, 1.0814 ,FALSE,TRUE,0,0.006108872,0.006108872,Aug-22
2022/8/8,34,0.004393645,0,0.004393645, 1.0858 ,TRUE,TRUE,0,0.004393645,0.004393645,Aug-22
2022/8/9,0,0,0,0, 1.0858 ,FALSE,FALSE,0,0,0,Aug-22
2022/8/10,0,0,0,0, 1.0858 ,FALSE,FALSE,0,0,0,Aug-22
2022/8/11,0,0,0,0, 1.0858 ,FALSE,FALSE,0,0,0,Aug-22
2022/8/12,0,0,0,0, 1.0858 ,FALSE,FALSE,0,0,0,Aug-22
2022/8/15,0,0,0,0, 1.0858 ,FALSE,FALSE,0,0,0,Aug-22
2022/8/16,0,0,0,0, 1.0858 ,FALSE,FALSE,0,0,0,Aug-22
2022/8/17,29,0.009002888,0.001436988,0.007555044, 1.0948 ,TRUE,TRUE,0.001436988,0.007555044,0.009002888,Aug-22
2022/8/18,0,0,0,0, 1.0948 ,FALSE,FALSE,0,0,0,Aug-22
2022/8/19,0,0,0,0, 1.0948 ,FALSE,FALSE,0,0,0,Aug-22
2022/8/22,0,0,0,0, 1.0948 ,FALSE,FALSE,0,0,0,Aug-22
2022/8/23,0,0,0,0, 1.0948 ,FALSE,FALSE,0,0,0,Aug-22
2022/8/24,0,0,0,0, 1.0948 ,FALSE,TRUE,0,-0.004190525,-0.004190525,Aug-22
2022/8/25,13,0.003338633,0,0.003338633, 1.0981 ,TRUE,TRUE,0,0.003338633,0.003338633,Aug-22
2022/8/26,0,0,0,0, 1.0981 ,FALSE,FALSE,0,0,0,Aug-22
2022/8/29,0,0,0,0, 1.0981 ,FALSE,FALSE,0,0,0,Aug-22
2022/8/30,25,0.016550202,0,0.016550202, 1.1147 ,TRUE,TRUE,0,0.016550202,0.016550202,Aug-22
2022/8/31,0,0,0,0, 1.1147 ,FALSE,FALSE,0,0,0,Aug-22
2022/9/1,31,0.002485691,0.002452984,3.26264E-05, 1.1171 ,TRUE,TRUE,0.002452984,3.2626427406201586e-05,0.002485691,Sep-22
2022/9/2,36,-0.005518728,0,-0.005518728, 1.1116 ,TRUE,TRUE,0,-0.005518728,-0.005518728,Sep-22
2022/9/5,0,0,0,0, 1.1116 ,FALSE,FALSE,0,0,0,Sep-22
2022/9/6,0,0,0,0, 1.1116 ,FALSE,FALSE,0,0,0,Sep-22
2022/9/7,0,0,0,0, 1.1116 ,FALSE,FALSE,0,0,0,Sep-22
2022/9/8,37,-0.002935984,0.002426463,-0.005349467, 1.1087 ,TRUE,TRUE,0.002426463,-0.005349467,-0.002935984,Sep-22
2022/9/9,13,0.00512253,0,0.00512253, 1.1138 ,TRUE,TRUE,0,0.00512253,0.00512253,Sep-22
2022/9/13,0,0,0,0, 1.1138 ,FALSE,FALSE,0,0,0,Sep-22
2022/9/14,0,0,0,0, 1.1138 ,FALSE,FALSE,0,0,0,Sep-22
2022/9/15,18,-0.024719842,-0.002142386,-0.022625929, 1.0891 ,TRUE,TRUE,-0.002142386,0.022625928984310484,0.020435069215557045,Sep-22
2022/9/16,2,-0.006961811,0,-0.006961811, 1.0821 ,TRUE,TRUE,0,-0.006961811,-0.006961811,Sep-22
2022/9/19,0,0,0,0, 1.0821 ,FALSE,FALSE,0,0,0,Sep-22
2022/9/20,31,0.005170142,-0.002534383,0.007724101, 1.0873 ,TRUE,TRUE,-0.002534383,0.007724101,0.005170142,Sep-22
2022/9/21,34,0.003989856,0,0.003989856, 1.0913 ,TRUE,TRUE,0,0.003989856,0.003989856,Sep-22
2022/9/22,0,0,0,0, 1.0913 ,FALSE,FALSE,0,0,0,Sep-22
2022/9/23,0,0,0,0, 1.0913 ,FALSE,FALSE,0,0,0,Sep-22
2022/9/26,0,0,0,0, 1.0913 ,FALSE,FALSE,0,0,0,Sep-22
2022/9/27,47,0.013836868,0.002621973,0.011185567, 1.1051 ,TRUE,FALSE,0.002621973,0,0.002621973,Sep-22
2022/9/28,17,0.005871245,0,0.005871245, 1.1110 ,TRUE,TRUE,0,0.005871245,0.005871245,Sep-22
2022/9/29,0,0,0,0, 1.1110 ,FALSE,FALSE,0,0,0,Sep-22
2022/9/30,0,0,0,0, 1.1110 ,FALSE,FALSE,0,0,0,Sep-22
2022/10/10,7,-0.002750059,0.001964328,-0.004705144, 1.1083 ,TRUE,TRUE,0.001964328,-0.004705144,-0.002750059,Oct-22
2022/10/11,34,0.021940928,0,0.021940928, 1.1302 ,TRUE,TRUE,0,0.021940928270042237,0.021940928270042237,Oct-22
2022/10/12,22,-0.003032508,0.003165428,-0.006178379, 1.1272 ,TRUE,TRUE,0.003165428,-0.006178379,-0.003032508,Oct-22
2022/10/13,0,0,0,0, 1.1272 ,FALSE,FALSE,0,0,0,Oct-22
2022/10/14,0,0,0,0, 1.1272 ,FALSE,FALSE,0,0,0,Oct-22
2022/10/17,0,0,0,0, 1.1272 ,FALSE,FALSE,0,0,0,Oct-22
2022/10/18,0,0,0,0, 1.1272 ,FALSE,FALSE,0,0,0,Oct-22
2022/10/19,6,0.000275397,0.002765043,-0.002482781, 1.1274 ,FALSE,TRUE,0,-0.001071847,-0.001071847,Oct-22
2022/10/20,43,0.00070612,0,0.00070612, 1.1281 ,TRUE,TRUE,0,0.00070612,0.00070612,Oct-22
2022/10/21,0,0,0,0, 1.1281 ,FALSE,FALSE,0,0,0,Oct-22
2022/10/24,7,0.002176096,8.3696E-05,0.002092225, 1.1303 ,TRUE,TRUE,8.36960160697231e-05,0.002092225,0.002176096,Oct-22
2022/10/25,0,0,0,0, 1.1303 ,FALSE,FALSE,0,0,0,Oct-22
2022/10/26,22,0.000733789,-0.003882325,0.004634106, 1.1311 ,TRUE,TRUE,-0.003882325,0.004634106,0.000733789,Oct-22
2022/10/27,0,0,0,0, 1.1311 ,FALSE,FALSE,0,0,0,Oct-22
2022/10/28,3,-0.001039681,-0.001039681,0, 1.1300 ,TRUE,TRUE,-0.001039681,0,-0.001039681,Oct-22
2022/10/31,31,0.027631352,0.002756245,0.024806734, 1.1576 ,TRUE,TRUE,0.002756245,0.024806734238103534,0.027631352,Oct-22
2022/11/1,9,0.010113156,-0.003837299,0.014004193, 1.1678 ,TRUE,TRUE,-0.003837299,0.014004192872117516,0.010113156061403394,Nov-22
2022/11/2,0,0,0,0, 1.1678 ,FALSE,FALSE,0,0,0,Nov-22
2022/11/3,0,0,0,0, 1.1678 ,FALSE,FALSE,0,0,0,Nov-22
2022/11/4,9,0.005117626,-0.00486618,0.010032626, 1.1729 ,TRUE,TRUE,-0.00486618,0.010032626,0.005117626,Nov-22
2022/11/7,29,0.006378671,-8.07559E-05,0.006459948, 1.1793 ,TRUE,TRUE,-8.08E-05,0.006459948,0.006378671,Nov-22
2022/11/8,0,0,0,0, 1.1793 ,FALSE,FALSE,0,0,0,Nov-22
2022/11/9,0,0,0,0, 1.1793 ,FALSE,FALSE,0,0,0,Nov-22
2022/11/10,29,-0.028868123,-0.030253475,0.001428571, 1.1504 ,TRUE,FALSE,-0.030253475,0,-0.030253475,Nov-22
2022/11/11,13,0.008673139,0,0.008673139, 1.1591 ,TRUE,TRUE,0,0.008673139,0.008673139,Nov-22
2022/11/14,24,0.017106294,0.001077305,0.01601174, 1.1762 ,TRUE,TRUE,0.001077305,0.016011739768465594,0.017106294,Nov-22
2022/11/15,8,0.007576798,0.003102378,0.004460581, 1.1837 ,TRUE,TRUE,0.003102378,0.004460581,0.007576798,Nov-22
2022/11/16,0,0,0,0, 1.1837 ,FALSE,FALSE,0,0,0,Nov-22
2022/11/17,33,-0.004446525,0.002418285,-0.006848249, 1.1793 ,TRUE,TRUE,0.002418285,-0.006848249,-0.004446525,Nov-22
2022/11/18,0,0,0,0, 1.1793 ,FALSE,FALSE,0,0,0,Nov-22
2022/11/21,23,-0.004433186,-0.002221517,-0.002216593, 1.1749 ,TRUE,TRUE,-0.002221517,0.002216593,-9.85E-06,Nov-22
2022/11/22,43,6.52635E-05,0,6.52635E-05, 1.1749 ,TRUE,FALSE,0,0,0,Nov-22
2022/11/23,43,0.004027151,0,0.004027151, 1.1790 ,TRUE,TRUE,0,0.004027151,0.004027151,Nov-22
2022/11/24,0,0,0,0, 1.1790 ,FALSE,FALSE,0,0,0,Nov-22
2022/11/25,29,0.017640557,0.021405049,-0.003685602, 1.1966 ,TRUE,TRUE,0.021405049396267972,-0.003685602,0.017640557,Nov-22
2022/11/28,7,0.042947234,0.01412948,0.028416247, 1.2395 ,TRUE,TRUE,0.014129480322503385,0.028416247,0.042947234,Nov-22
2022/11/29,0,0,0,0, 1.2395 ,FALSE,FALSE,0,0,0,Nov-22
2022/11/30,0,0,0,0, 1.2395 ,FALSE,FALSE,0,0,0,Nov-22
2022/12/1,24,-0.002261712,-0.001292407,-0.00097056, 1.2373 ,TRUE,TRUE,-0.001292407,-0.00097056,-0.002261712,Dec-22
2022/12/2,0,0,0,0, 1.2373 ,FALSE,FALSE,0,0,0,Dec-22
2022/12/5,13,0.002969427,0,0.002969427, 1.2403 ,TRUE,TRUE,0,0.002969427,0.002969427,Dec-22
2022/12/6,0,0,0,0, 1.2403 ,FALSE,FALSE,0,0,0,Dec-22
2022/12/7,0,0,0,0, 1.2403 ,FALSE,TRUE,0,0.002095017,0.002095017,Dec-22
2022/12/8,0,0,0,0, 1.2403 ,FALSE,FALSE,0,0,0,Dec-22
2022/12/9,0,0,0,0, 1.2403 ,FALSE,FALSE,0,0,0,Dec-22
2022/12/12,0,0,0,0, 1.2403 ,FALSE,FALSE,0,0,0,Dec-22
2022/12/13,43,0.005733646,0,0.005733646, 1.2460 ,TRUE,TRUE,0,0.005733646,0.005733646,Dec-22
2022/12/14,29,0.006749463,-0.00037114,0.007123247, 1.2527 ,TRUE,TRUE,-0.00037114,0.007123247,0.006749463,Dec-22
2022/12/15,0,0,0,0, 1.2527 ,FALSE,FALSE,0,0,0,Dec-22
2022/12/16,0,0,0,0, 1.2527 ,FALSE,FALSE,0,0,0,Dec-22
2022/12/19,0,0,0,0, 1.2527 ,FALSE,TRUE,0,0.009905312,0.009905312,Dec-22
2022/12/20,5,0.001543728,-0.001973001,0.003523681, 1.2543 ,TRUE,TRUE,-0.001973001,0.003523681,0.001543728,Dec-22
2022/12/21,43,0.014907128,0,0.014907128, 1.2692 ,TRUE,FALSE,0,0,0,Dec-22
2022/12/22,43,-0.000829445,0,-0.000829445, 1.2684 ,TRUE,TRUE,0,-0.000829445,-0.000829445,Dec-22
2022/12/23,30,0.006008061,0,0.006008061, 1.2744 ,TRUE,TRUE,0,0.006008061,0.006008061,Dec-22
2022/12/26,47,-0.012128489,-0.007526603,-0.004636785, 1.2622 ,FALSE,FALSE,0,0,0,Dec-22
2022/12/27,0,0,0,0, 1.2622 ,FALSE,FALSE,0,0,0,Dec-22
2022/12/28,0,0,0,0, 1.2622 ,FALSE,FALSE,0,0,0,Dec-22
2022/12/29,0,0,0,0, 1.2622 ,FALSE,FALSE,0,0,0,Dec-22
2022/12/30,28,0.00516129,0,0.00516129, 1.2674 ,TRUE,TRUE,0,0.00516129,0.00516129,Dec-22
2023/1/3,0,0,0,0, 1.2674 ,FALSE,TRUE,0,0.000268519,0.000268519,Jan-23
2023/1/4,0,0,0,0, 1.2674 ,FALSE,FALSE,0,0,0,Jan-23
2023/1/5,10,0.000887049,0.000887049,0, 1.2683 ,TRUE,TRUE,0.000887049,0,0.000887049,Jan-23
2023/1/6,0,0,0,0, 1.2683 ,FALSE,FALSE,0,0,0,Jan-23
2023/1/9,46,0.002967539,0.001130325,0.001835139, 1.2713 ,TRUE,TRUE,0.001130325,0.001835139,0.002967539,Jan-23
2023/1/10,0,0,0,0, 1.2713 ,FALSE,FALSE,0,0,0,Jan-23
2023/1/11,43,0.002220381,0,0.002220381, 1.2735 ,TRUE,FALSE,0,0,0,Jan-23
2023/1/12,43,-0.006920301,0,-0.006920301, 1.2666 ,TRUE,TRUE,0,0.015619324373410626,0.015619324373410626,Jan-23
2023/1/13,10,0.01702432,0.000500715,0.016515336, 1.2836 ,FALSE,TRUE,0,0.016515336,0.016515336,Jan-23
2023/1/16,11,0.000944164,0,0.000944164, 1.2845 ,FALSE,TRUE,0,0.000944164,0.000944164,Jan-23
2023/1/17,0,0,0,0, 1.2845 ,FALSE,FALSE,0,0,0,Jan-23
2023/1/18,0,0,0,0, 1.2845 ,FALSE,FALSE,0,0,0,Jan-23
2023/1/19,0,0,0,0, 1.2845 ,FALSE,FALSE,0,0,0,Jan-23
2023/1/20,0,0,0,0, 1.2845 ,FALSE,FALSE,0,0,0,Jan-23
2023/1/30,24,0.003087894,-0.000413841,0.003503185, 1.2876 ,TRUE,TRUE,-0.000413841,0.003503185,0.003087894,Jan-23
2023/1/31,38,0.005844609,-0.001745478,0.007603358, 1.2935 ,TRUE,FALSE,-0.001745478,0,-0.001745478,Jan-23
2023/2/1,33,-0.002687602,0.001980338,-0.004658714, 1.2908 ,TRUE,TRUE,0.001980338,-0.004658714,-0.002687602,Feb-23
2023/2/2,0,0,0,0, 1.2908 ,FALSE,FALSE,0,0,0,Feb-23
2023/2/3,0,0,0,0, 1.2908 ,FALSE,FALSE,0,0,0,Feb-23
2023/2/6,0,0,0,0, 1.2908 ,FALSE,FALSE,0,0,0,Feb-23
2023/2/7,0,0,0,0, 1.2908 ,FALSE,FALSE,0,0,0,Feb-23
2023/2/8,27,0.01548037,-0.000606447,0.016096579, 1.3062 ,TRUE,TRUE,-0.000606447,0.016096579,0.01548037,Feb-23
2023/2/9,47,0.006355303,0.001983647,0.004363002, 1.3126 ,TRUE,FALSE,0.001983647,0,0.001983647,Feb-23
2023/2/10,0,0,0,0, 1.3126 ,FALSE,FALSE,0,0,0,Feb-23
2023/2/13,0,0,0,0, 1.3126 ,FALSE,FALSE,0,0,0,Feb-23
2023/2/14,0,0,0,0, 1.3126 ,FALSE,FALSE,0,0,0,Feb-23
2023/2/15,0,0,0,0, 1.3126 ,FALSE,FALSE,0,0,0,Feb-23
2023/2/16,0,0,0,0, 1.3126 ,FALSE,TRUE,0,0.009832484,0.009832484,Feb-23
2023/2/17,0,0,0,0, 1.3126 ,FALSE,FALSE,0,0,0,Feb-23
2023/2/20,46,-0.00016243,0.001068972,-0.001230087, 1.3124 ,TRUE,TRUE,0.001068972,-0.001230087,-0.00016243,Feb-23
2023/2/21,0,0,0,0, 1.3124 ,FALSE,FALSE,0,0,0,Feb-23
2023/2/22,0,0,0,0, 1.3124 ,FALSE,FALSE,0,0,0,Feb-23
2023/2/23,37,0.011358182,-0.001265761,0.012639942, 1.3238 ,TRUE,TRUE,-0.001265761,0.012639942217407052,0.011358182,Feb-23
2023/2/24,36,0.003100187,0,0.003100187, 1.3269 ,TRUE,TRUE,0,0.003100187,0.003100187,Feb-23
2023/2/27,30,-0.002482839,0,-0.002482839, 1.3244 ,TRUE,TRUE,0,-0.002482839,-0.002482839,Feb-23
2023/2/28,33,0.01143648,-0.001748252,0.013207823, 1.3358 ,TRUE,TRUE,-0.001748252,0.013207822533566782,0.011436480186480136,Feb-23
2023/3/1,0,0,0,0, 1.3358 ,FALSE,FALSE,0,0,0,Mar-23
2023/3/2,0,0,0,0, 1.3358 ,FALSE,FALSE,0,0,0,Mar-23
2023/3/3,37,0.009487788,-0.000532121,0.010025243, 1.3453 ,TRUE,TRUE,-0.000532121,0.010025243418680163,0.009487788,Mar-23
2023/3/6,0,0,0,0, 1.3453 ,FALSE,FALSE,0,0,0,Mar-23
2023/3/7,0,0,0,0, 1.3453 ,FALSE,FALSE,0,0,0,Mar-23
2023/3/8,36,0.003460317,0,0.003460317, 1.3488 ,TRUE,TRUE,0,0.003460317,0.003460317,Mar-23
2023/3/9,0,0,0,0, 1.3488 ,FALSE,FALSE,0,0,0,Mar-23
2023/3/10,25,0.007713249,0,0.007713249, 1.3565 ,TRUE,FALSE,0,0,0,Mar-23
2023/3/13,30,0.005109708,0,0.005109708, 1.3616 ,TRUE,TRUE,0,0.005109708,0.005109708,Mar-23
2023/3/14,30,0.008092919,0,0.008092919, 1.3697 ,TRUE,TRUE,0,0.008092919,0.008092919,Mar-23
2023/3/15,32,0.011446552,0.007625928,0.003791709, 1.3812 ,TRUE,TRUE,0.007625928,0.003791709,0.011446552251365594,Mar-23
2023/3/16,27,0.007075318,0.007042713,3.23771E-05, 1.3882 ,TRUE,TRUE,0.007042713,3.237712879600174e-05,0.007075318,Mar-23
2023/3/17,32,0.004633611,-0.000756811,0.005394505, 1.3929 ,TRUE,TRUE,-0.000756811,0.005394505,0.004633611,Mar-23
2023/3/20,0,0,0,0, 1.3929 ,FALSE,FALSE,0,0,0,Mar-23
2023/3/21,40,0.006103241,0.002858887,0.003235106, 1.3990 ,TRUE,TRUE,0.002858887,0.003235106,0.006103241,Mar-23
2023/3/22,0,0,0,0, 1.3990 ,FALSE,FALSE,0,0,0,Mar-23
2023/3/23,29,0.005021325,0.002840909,0.002174239, 1.4040 ,TRUE,TRUE,0.002840909,0.002174239,0.005021325,Mar-23
2023/3/24,0,0,0,0, 1.4040 ,FALSE,FALSE,0,0,0,Mar-23
2023/3/27,0,0,0,0, 1.4040 ,FALSE,FALSE,0,0,0,Mar-23
2023/3/28,30,0.010427607,0,0.010427607, 1.4144 ,TRUE,TRUE,0,0.010427606901725617,0.010427606901725728,Mar-23
2023/3/29,27,0.006676037,0.00092634,0.005744375, 1.4211 ,TRUE,TRUE,0.00092634,0.005744375,0.006676037,Mar-23
2023/3/30,46,0.003214906,-0.001182905,0.004403019, 1.4243 ,TRUE,FALSE,-0.001182905,0,-0.001182905,Mar-23
2023/3/31,0,0,0,0, 1.4243 ,FALSE,FALSE,0,0,0,Mar-23
2023/4/3,35,-0.004486917,-0.000898674,-0.00359147, 1.4198 ,TRUE,TRUE,-0.000898674,-0.00359147,-0.004486917,Apr-23
2023/4/4,0,0,0,0, 1.4198 ,FALSE,FALSE,0,0,0,Apr-23
2023/4/6,0,0,0,0, 1.4198 ,FALSE,FALSE,0,0,0,Apr-23
2023/4/7,0,0,0,0, 1.4198 ,FALSE,FALSE,0,0,0,Apr-23
2023/4/10,0,0,0,0, 1.4198 ,FALSE,FALSE,0,0,0,Apr-23
2023/4/11,0,0,0,0, 1.4198 ,FALSE,FALSE,0,0,0,Apr-23
2023/4/12,0,0,0,0, 1.4198 ,FALSE,FALSE,0,0,0,Apr-23
2023/4/13,0,0,0,0, 1.4198 ,FALSE,FALSE,0,0,0,Apr-23
2023/4/14,0,0,0,0, 1.4198 ,FALSE,FALSE,0,0,0,Apr-23
2023/4/17,13,0.004083594,0,0.004083594, 1.4239 ,TRUE,TRUE,0,0.004083594,0.004083594,Apr-23
2023/4/18,0,0,0,0, 1.4239 ,FALSE,FALSE,0,0,0,Apr-23
2023/4/19,0,0,0,0, 1.4239 ,FALSE,FALSE,0,0,0,Apr-23
2023/4/20,0,0,0,0, 1.4239 ,FALSE,FALSE,0,0,0,Apr-23
2023/4/21,3,0.000769157,0.000769157,0, 1.4247 ,TRUE,TRUE,0.000769157,0,0.000769157,Apr-23
2023/4/24,0,0,0,0, 1.4247 ,FALSE,FALSE,0,0,0,Apr-23
2023/4/25,0,0,0,0, 1.4247 ,FALSE,FALSE,0,0,0,Apr-23
2023/4/26,0,0,0,0, 1.4247 ,FALSE,FALSE,0,0,0,Apr-23
2023/4/27,0,0,0,0, 1.4247 ,FALSE,FALSE,0,0,0,Apr-23
2023/4/28,0,0,0,0, 1.4247 ,FALSE,FALSE,0,0,0,Apr-23
2023/5/4,29,0.002952745,-0.001706991,0.004667704, 1.4276 ,TRUE,TRUE,-0.001706991,0.004667704,0.002952745,May-23
2023/5/5,0,0,0,0, 1.4276 ,FALSE,FALSE,0,0,0,May-23
2023/5/8,46,-0.001486529,0.000254746,-0.001740832, 1.4261 ,TRUE,TRUE,0.000254746,-0.001740832,-0.001486529,May-23
2023/5/9,27,-0.001360192,-0.000809638,-0.000551, 1.4248 ,TRUE,TRUE,-0.000809638,-0.000551,-0.001360192,May-23
2023/5/10,0,0,0,0, 1.4248 ,FALSE,FALSE,0,0,0,May-23
2023/5/11,0,0,0,0, 1.4248 ,FALSE,FALSE,0,0,0,May-23
2023/5/12,0,0,0,0, 1.4248 ,FALSE,FALSE,0,0,0,May-23
2023/5/15,10,0.000522193,0.000522193,0, 1.4253 ,FALSE,TRUE,0,0,0,May-23
2023/5/16,0,0,0,0, 1.4253 ,FALSE,FALSE,0,0,0,May-23
2023/5/17,0,0,0,0, 1.4253 ,FALSE,FALSE,0,0,0,May-23
2023/5/18,0,0,0,0, 1.4253 ,FALSE,FALSE,0,0,0,May-23
2023/5/19,0,0,0,0, 1.4253 ,FALSE,FALSE,0,0,0,May-23
2023/5/22,29,0.016393024,-0.000453686,0.016854357, 1.4417 ,TRUE,TRUE,-0.000453686,0.016854357191444458,0.016393024401792244,May-23
2023/5/23,0,0,0,0, 1.4417 ,FALSE,TRUE,0,0.013648982109808805,0.013648982109808916,May-23
2023/5/24,0,0,0,0, 1.4417 ,FALSE,FALSE,0,0,0,May-23
2023/5/25,0,0,0,0, 1.4417 ,FALSE,FALSE,0,0,0,May-23
2023/5/26,34,-0.004006623,0,-0.004006623, 1.4377 ,TRUE,TRUE,0,-0.004006623,-0.004006623,May-23
2023/5/29,0,0,0,0, 1.4377 ,FALSE,FALSE,0,0,0,May-23
2023/5/30,35,0.014527459,0.004205348,0.010278884, 1.4522 ,TRUE,TRUE,0.004205348,0.010278884462151527,0.014527458680710037,May-23
2023/5/31,0,0,0,0, 1.4522 ,FALSE,TRUE,0,0.002578773,0.002578773,May-23
2023/6/1,25,0.010853951,0,0.010853951, 1.4631 ,TRUE,TRUE,0,0.010853950518754818,0.010853950518754818,Jun-23
2023/6/2,13,-0.000424182,0,-0.000424182, 1.4626 ,TRUE,TRUE,0,-0.000424182,-0.000424182,Jun-23
2023/6/5,43,0.018956098,0,0.018956098, 1.4816 ,TRUE,TRUE,0,0.018956098,0.018956098,Jun-23
2023/6/6,19,0.002529684,-0.00167729,0.004214042, 1.4841 ,TRUE,TRUE,-0.00167729,0.004214042,0.002529684,Jun-23
2023/6/7,0,0,0,0, 1.4841 ,FALSE,FALSE,0,0,0,Jun-23
2023/6/8,0,0,0,0, 1.4841 ,FALSE,FALSE,0,0,0,Jun-23
2023/6/9,0,0,0,0, 1.4841 ,FALSE,FALSE,0,0,0,Jun-23
2023/6/12,0,0,0,0, 1.4841 ,FALSE,FALSE,0,0,0,Jun-23
2023/6/13,0,0,0,0, 1.4841 ,FALSE,FALSE,0,0,0,Jun-23
2023/6/14,0,0,0,0, 1.4841 ,FALSE,FALSE,0,0,0,Jun-23
2023/6/15,15,0.00950131,0.001489394,0.008, 1.4936 ,TRUE,TRUE,0.001489394,0.008,0.00950131,Jun-23
2023/6/16,0,0,0,0, 1.4936 ,FALSE,FALSE,0,0,0,Jun-23
2023/6/19,35,0.004268725,0.000158053,0.004110022, 1.4979 ,TRUE,TRUE,0.000158053,0.004110022,0.004268725,Jun-23
2023/6/20,0,0,0,0, 1.4979 ,FALSE,TRUE,0,0.018000263,0.018000263,Jun-23
2023/6/21,17,0.010084034,0,0.010084034, 1.5080 ,TRUE,TRUE,0,0.010084033613445453,0.010084033613445342,Jun-23
2023/6/26,0,0,0,0, 1.5080 ,FALSE,FALSE,0,0,0,Jun-23
2023/6/27,33,0.003469981,-0.003066495,0.006556581, 1.5115 ,TRUE,TRUE,-0.003066495,0.006556581,0.003469981,Jun-23
2023/6/28,30,0.007234727,0,0.007234727, 1.5187 ,TRUE,TRUE,0,0.007234727,0.007234727,Jun-23
2023/6/29,0,0,0,0, 1.5187 ,FALSE,FALSE,0,0,0,Jun-23
2023/6/30,0,0,0,0, 1.5187 ,FALSE,FALSE,0,0,0,Jun-23
2023/7/3,13,-0.00039341,0,-0.00039341, 1.5183 ,TRUE,TRUE,0,-0.00039341,-0.00039341,Jul-23
2023/7/4,0,0,0,0, 1.5183 ,FALSE,FALSE,0,0,0,Jul-23
2023/7/5,43,0.005168734,0,0.005168734, 1.5235 ,TRUE,TRUE,0,0.005168734,0.005168734,Jul-23
2023/7/6,43,0.000671704,0,0.000671704, 1.5241 ,TRUE,TRUE,0,0.000671704,0.000671704,Jul-23
2023/7/7,25,-0.000965795,0,-0.000965795, 1.5232 ,TRUE,FALSE,0,0,0,Jul-23
2023/7/10,0,0,0,0, 1.5232 ,FALSE,FALSE,0,0,0,Jul-23
2023/7/11,0,0,0,0, 1.5232 ,FALSE,FALSE,0,0,0,Jul-23
2023/7/12,0,0,0,0, 1.5232 ,FALSE,FALSE,0,0,0,Jul-23
2023/7/13,10,0.002912469,0.002912469,0, 1.5261 ,TRUE,TRUE,0.002912469,0,0.002912469,Jul-23
2023/7/14,43,0.000765238,0,0.000765238, 1.5269 ,TRUE,TRUE,0,0.000765238,0.000765238,Jul-23
2023/7/17,0,0,0,0, 1.5269 ,FALSE,FALSE,0,0,0,Jul-23
2023/7/18,26,-0.000733627,0,-0.000733627, 1.5261 ,TRUE,TRUE,0,-0.000733627,-0.000733627,Jul-23
2023/7/19,30,0.008551069,0,0.008551069, 1.5347 ,TRUE,TRUE,0,0.008551069,0.008551069,Jul-23
2023/7/20,0,0,0,0, 1.5347 ,FALSE,FALSE,0,0,0,Jul-23
2023/7/21,0,0,0,0, 1.5347 ,FALSE,FALSE,0,0,0,Jul-23
2023/7/24,0,0,0,0, 1.5347 ,FALSE,FALSE,0,0,0,Jul-23
2023/7/25,46,-0.000480619,0.000811232,-0.001290805, 1.5342 ,TRUE,FALSE,0.000811232,0,0.000811232,Jul-23
2023/7/26,0,0,0,0, 1.5342 ,FALSE,TRUE,0,0.002703956,0.002703956,Jul-23
2023/7/27,0,0,0,0, 1.5342 ,FALSE,FALSE,0,0,0,Jul-23
2023/7/28,11,9.84413E-05,0,9.84413E-05, 1.5343 ,TRUE,TRUE,0,9.844134536518556e-05,9.844134536507454e-05,Jul-23
2023/7/31,24,0.000754791,0.000918876,-0.000163934, 1.5350 ,TRUE,TRUE,0.000918876,-0.000163934,0.000754791,Jul-23
2023/8/1,0,0,0,0, 1.5350 ,FALSE,FALSE,0,0,0,Aug-23
2023/8/2,0,0,0,0, 1.5350 ,FALSE,FALSE,0,0,0,Aug-23
2023/8/3,29,-0.000400871,-0.009502262,0.009188705, 1.5346 ,TRUE,TRUE,-0.009502262,0.009188705,-0.000400871,Aug-23
2023/8/4,45,0.003630106,0.00173016,0.001896664, 1.5383 ,TRUE,TRUE,0.00173016,0.001896664,0.003630106,Aug-23
2023/8/7,30,-0.002963976,0,-0.002963976, 1.5353 ,TRUE,TRUE,0,-0.002963976,-0.002963976,Aug-23
2023/8/8,0,0,0,0, 1.5353 ,FALSE,FALSE,0,0,0,Aug-23
2023/8/9,0,0,0,0, 1.5353 ,FALSE,FALSE,0,0,0,Aug-23
2023/8/10,32,0.024450117,0.001608363,0.022805075, 1.5598 ,TRUE,TRUE,0.001608363,0.022805074506645262,0.024450116846020498,Aug-23
2023/8/11,1,0.004212672,0,0.004212672, 1.5640 ,TRUE,TRUE,0,0.004212672,0.004212672,Aug-23
2023/8/14,34,-0.007259589,0,-0.007259589, 1.5567 ,TRUE,TRUE,0,-0.007259589,-0.007259589,Aug-23
2023/8/15,30,0.003464567,0,0.003464567, 1.5602 ,TRUE,FALSE,0,0,0,Aug-23
2023/8/16,25,0.007790143,0,0.007790143, 1.5680 ,TRUE,FALSE,0,0,0,Aug-23
2023/8/17,0,0,0,0, 1.5680 ,FALSE,FALSE,0,0,0,Aug-23
2023/8/18,0,0,0,0, 1.5680 ,FALSE,FALSE,0,0,0,Aug-23
2023/8/21,0,0,0,0, 1.5680 ,FALSE,FALSE,0,0,0,Aug-23
2023/8/22,29,0.012733191,-0.000160218,0.012895475, 1.5807 ,TRUE,TRUE,-0.000160218,0.012895474569483478,0.012733190587336685,Aug-23
2023/8/23,0,0,0,0, 1.5807 ,FALSE,FALSE,0,0,0,Aug-23
2023/8/24,0,0,0,0, 1.5807 ,FALSE,FALSE,0,0,0,Aug-23
2023/8/25,0,0,0,0, 1.5807 ,FALSE,FALSE,0,0,0,Aug-23
2023/8/28,24,0.021957784,-0.001274968,0.023262411, 1.6027 ,TRUE,TRUE,-0.001274968,0.023262411,0.021957784388723534,Aug-23
2023/8/29,45,7.97929E-05,-0.003430829,0.003522708, 1.6027 ,TRUE,TRUE,-0.003430829,0.003522708,7.979289871551387e-05,Aug-23
2023/8/30,0,0,0,0, 1.6027 ,FALSE,FALSE,0,0,0,Aug-23
2023/8/31,37,0.006126843,0.004765939,0.001354449, 1.6089 ,TRUE,FALSE,0.004765939,0,0.004765939,Aug-23
2023/9/1,28,0.008400747,0,0.008400747, 1.6173 ,TRUE,TRUE,0,0.008400747,0.008400747,Sep-23
2023/9/4,11,0.006284341,0,0.006284341, 1.6235 ,TRUE,TRUE,0,0.006284341,0.006284341,Sep-23
2023/9/5,0,0,0,0, 1.6235 ,FALSE,FALSE,0,0,0,Sep-23
2023/9/6,0,0,0,0, 1.6235 ,FALSE,FALSE,0,0,0,Sep-23
2023/9/7,0,0,0,0, 1.6235 ,FALSE,FALSE,0,0,0,Sep-23
2023/9/8,0,0,0,0, 1.6235 ,FALSE,FALSE,0,0,0,Sep-23
2023/9/11,0,0,0,0, 1.6235 ,FALSE,FALSE,0,0,0,Sep-23
2023/9/12,0,0,0,0, 1.6235 ,FALSE,FALSE,0,0,0,Sep-23
2023/9/13,0,0,0,0, 1.6235 ,FALSE,FALSE,0,0,0,Sep-23
2023/9/14,0,0,0,0, 1.6235 ,FALSE,FALSE,0,0,0,Sep-23
2023/9/15,0,0,0,0, 1.6235 ,FALSE,FALSE,0,0,0,Sep-23
2023/9/18,29,0.000626204,0.001572945,-0.000945254, 1.6242 ,TRUE,TRUE,0.001572945,-0.000945254,0.000626204,Sep-23
2023/9/19,0,0,0,0, 1.6242 ,FALSE,FALSE,0,0,0,Sep-23
2023/9/20,30,0.006987454,0,0.006987454, 1.6312 ,TRUE,TRUE,0,0.006987454,0.006987454,Sep-23
2023/9/21,0,0,0,0, 1.6312 ,FALSE,FALSE,0,0,0,Sep-23
2023/9/22,46,0.002058711,0.000883112,0.001174562, 1.6332 ,TRUE,TRUE,0.000883112,0.001174562,0.002058711,Sep-23
2023/9/25,0,0,0,0, 1.6332 ,FALSE,FALSE,0,0,0,Sep-23
2023/9/26,0,0,0,0, 1.6332 ,FALSE,FALSE,0,0,0,Sep-23
2023/9/27,0,0,0,0, 1.6332 ,FALSE,FALSE,0,0,0,Sep-23
2023/9/28,0,0,0,0, 1.6332 ,FALSE,FALSE,0,0,0,Sep-23
2023/10/9,30,0.012708499,0,0.012708499, 1.6459 ,TRUE,TRUE,0,0.012708498808578161,0.012708498808578161,Oct-23
2023/10/10,0,0,0,0, 1.6459 ,FALSE,FALSE,0,0,0,Oct-23
2023/10/11,30,0.002613861,0,0.002613861, 1.6485 ,TRUE,TRUE,0,0.002613861,0.002613861,Oct-23
2023/10/12,28,-0.002080666,0,-0.002080666, 1.6465 ,TRUE,TRUE,0,-0.002080666,-0.002080666,Oct-23
2023/10/13,0,0,0,0, 1.6465 ,FALSE,FALSE,0,0,0,Oct-23
2023/10/16,27,0.00057284,0.00100247,-0.0004292, 1.6470 ,TRUE,TRUE,0.00100247,-0.0004292,0.00057284,Oct-23
2023/10/17,30,0.001294498,0,0.001294498, 1.6483 ,TRUE,TRUE,0,0.001294498,0.001294498,Oct-23
2023/10/18,0,0,0,0, 1.6483 ,FALSE,FALSE,0,0,0,Oct-23
2023/10/19,7,-0.004748813,-0.003499125,-0.001254076, 1.6436 ,TRUE,TRUE,-0.003499125,-0.001254076,-0.004748813,Oct-23
2023/10/20,0,0,0,0, 1.6436 ,FALSE,FALSE,0,0,0,Oct-23
2023/10/23,19,-0.004207089,-0.004290868,8.41397E-05, 1.6394 ,TRUE,TRUE,-0.004290868,8.413967185527671e-05,-0.004207089,Oct-23
2023/10/24,0,0,0,0, 1.6394 ,FALSE,FALSE,0,0,0,Oct-23
2023/10/25,32,-0.003882223,0.003879286,-0.007731516, 1.6355 ,TRUE,TRUE,0.003879286,-0.007731516,-0.003882223,Oct-23
2023/10/26,0,0,0,0, 1.6355 ,FALSE,FALSE,0,0,0,Oct-23
2023/10/27,0,0,0,0, 1.6355 ,FALSE,FALSE,0,0,0,Oct-23
2023/10/30,0,0,0,0, 1.6355 ,FALSE,TRUE,0,-0.001741294,-0.001741294,Oct-23
2023/10/31,0,0,0,0, 1.6355 ,FALSE,FALSE,0,0,0,Oct-23
2023/11/1,37,0.012363519,0.003187028,0.009147337, 1.6479 ,TRUE,TRUE,0.003187028,0.009147337,0.012363518530171591,Nov-23
2023/11/2,0,0,0,0, 1.6479 ,FALSE,FALSE,0,0,0,Nov-23
2023/11/3,26,0.007380738,0,0.007380738, 1.6552 ,TRUE,TRUE,0,0.007380738,0.007380738,Nov-23
2023/11/6,0,0,0,0, 1.6552 ,FALSE,FALSE,0,0,0,Nov-23
2023/11/7,0,0,0,0, 1.6552 ,FALSE,FALSE,0,0,0,Nov-23
2023/11/8,0,0,0,0, 1.6552 ,FALSE,FALSE,0,0,0,Nov-23
2023/11/9,30,0.005841698,0,0.005841698, 1.6611 ,TRUE,TRUE,0,0.005841698,0.005841698,Nov-23
2023/11/10,0,0,0,0, 1.6611 ,FALSE,FALSE,0,0,0,Nov-23
2023/11/13,0,0,0,0, 1.6611 ,FALSE,FALSE,0,0,0,Nov-23
2023/11/14,0,0,0,0, 1.6611 ,FALSE,FALSE,0,0,0,Nov-23
2023/11/15,28,-0.003443257,0,-0.003443257, 1.6576 ,TRUE,TRUE,0,-0.003443257,-0.003443257,Nov-23
2023/11/16,25,0.000333056,0,0.000333056, 1.6580 ,TRUE,TRUE,0,0.000333056,0.000333056,Nov-23
2023/11/17,0,0,0,0, 1.6580 ,FALSE,FALSE,0,0,0,Nov-23
2023/11/20,0,0,0,0, 1.6580 ,FALSE,FALSE,0,0,0,Nov-23
2023/11/21,0,0,0,0, 1.6580 ,FALSE,FALSE,0,0,0,Nov-23
2023/11/22,0,0,0,0, 1.6580 ,FALSE,FALSE,0,0,0,Nov-23
2023/11/23,0,0,0,0, 1.6580 ,FALSE,FALSE,0,0,0,Nov-23
2023/11/24,30,0.007276681,0,0.007276681, 1.6652 ,TRUE,FALSE,0,0,0,Nov-23
2023/11/27,0,0,0,0, 1.6652 ,FALSE,FALSE,0,0,0,Nov-23
2023/11/28,34,-0.003561792,0,-0.003561792, 1.6617 ,FALSE,FALSE,0,0,0,Nov-23
2023/11/29,37,0.001840877,-0.000400297,0.002242071, 1.6635 ,TRUE,TRUE,-0.000400297,0.002242071,0.001840877,Nov-23
2023/11/30,0,0,0,0, 1.6635 ,FALSE,TRUE,0,0.005246679,0.005246679,Nov-23
2023/12/1,0,0,0,0, 1.6635 ,FALSE,FALSE,0,0,0,Dec-23
2023/12/4,0,0,0,0, 1.6635 ,FALSE,FALSE,0,0,0,Dec-23
2023/12/5,1,0.006887661,0,0.006887661, 1.6704 ,TRUE,TRUE,0,0.006887661,0.006887661,Dec-23
2023/12/6,0,0,0,0, 1.6704 ,FALSE,FALSE,0,0,0,Dec-23
2023/12/7,0,0,0,0, 1.6704 ,FALSE,FALSE,0,0,0,Dec-23
2023/12/8,32,-0.006953429,0.006655672,-0.013519122, 1.6635 ,TRUE,FALSE,0.006655672,0,0.006655672,Dec-23
2023/12/11,33,0.006107137,-0.002791834,0.008923885, 1.6696 ,TRUE,TRUE,-0.002791834,0.008923885,0.006107137,Dec-23
2023/12/12,29,0.020233835,0.003468609,0.016707275, 1.6898 ,TRUE,TRUE,0.003468609,0.016707274625826773,0.020233835,Dec-23
2023/12/13,5,0.004499158,-0.006175772,0.010741265, 1.6943 ,TRUE,TRUE,-0.006175772,0.010741265344664908,0.004499158,Dec-23
2023/12/14,0,0,0,0, 1.6943 ,FALSE,FALSE,0,0,0,Dec-23
2023/12/15,0,0,0,0, 1.6943 ,FALSE,FALSE,0,0,0,Dec-23
2023/12/18,29,-0.001868071,0.00097561,-0.002840909, 1.6924 ,TRUE,TRUE,0.00097561,-0.002840909,-0.001868071,Dec-23
2023/12/19,0,0,0,0, 1.6924 ,FALSE,FALSE,0,0,0,Dec-23
2023/12/20,0,0,0,0, 1.6924 ,FALSE,FALSE,0,0,0,Dec-23
2023/12/21,46,-0.002647335,0.000120705,-0.002767706, 1.6898 ,TRUE,TRUE,0.000120705,-0.002767706,-0.002647335,Dec-23
2023/12/22,0,0,0,0, 1.6898 ,FALSE,FALSE,0,0,0,Dec-23
2023/12/25,28,-0.003249605,0,-0.003249605, 1.6865 ,TRUE,TRUE,0,-0.003249605,-0.003249605,Dec-23
2023/12/26,0,0,0,0, 1.6865 ,FALSE,FALSE,0,0,0,Dec-23
2023/12/27,0,0,0,0, 1.6865 ,FALSE,FALSE,0,0,0,Dec-23
2023/12/28,0,0,0,0, 1.6865 ,FALSE,FALSE,0,0,0,Dec-23
2023/12/29,0,0,0,0, 1.6865 ,FALSE,FALSE,0,0,0,Dec-23
2024/1/2,0,0,0,0, 1.6865 ,FALSE,FALSE,0,0,0,Jan-24
2024/1/3,30,0.00609703,0,0.00609703, 1.6926 ,TRUE,TRUE,0,0.00609703,0.00609703,Jan-24
2024/1/4,0,0,0,0, 1.6926 ,FALSE,FALSE,0,0,0,Jan-24
2024/1/5,0,0,0,0, 1.6926 ,FALSE,FALSE,0,0,0,Jan-24
2024/1/8,17,-0.002684198,0,-0.002684198, 1.6899 ,FALSE,TRUE,0,-0.002684198,-0.002684198,Jan-24
2024/1/9,32,0.004317097,0.00376625,0.00054878, 1.6943 ,TRUE,FALSE,0.00376625,0,0.00376625,Jan-24
2024/1/10,0,0,0,0, 1.6943 ,FALSE,FALSE,0,0,0,Jan-24
2024/1/11,0,0,0,0, 1.6943 ,FALSE,FALSE,0,0,0,Jan-24
2024/1/12,0,0,0,0, 1.6943 ,FALSE,FALSE,0,0,0,Jan-24
2024/1/15,0,0,0,0, 1.6943 ,FALSE,FALSE,0,0,0,Jan-24
2024/1/16,29,0.022869715,0.003286844,0.019518717, 1.7171 ,TRUE,TRUE,0.003286844,0.019518717,0.022869715290640302,Jan-24
2024/1/17,2,0.005420702,-0.001634182,0.007066432, 1.7226 ,TRUE,TRUE,-0.001634182,0.007066432,0.005420702,Jan-24
2024/1/18,13,0.007217432,0,0.007217432, 1.7298 ,TRUE,TRUE,0,0.007217432,0.007217432,Jan-24
2024/1/19,29,0.014705084,0.000626903,0.014069361, 1.7445 ,TRUE,TRUE,0.000626903,0.014069361,0.014705084,Jan-24
2024/1/22,41,0.010697879,0,0.010697879, 1.7552 ,TRUE,TRUE,0,0.010697879302750124,0.010697879302750124,Jan-24
2024/1/23,21,0.018706774,0.010415799,0.008205509, 1.7739 ,TRUE,TRUE,0.010415799,0.008205509,0.018706774435463647,Jan-24
2024/1/24,0,0,0,0, 1.7739 ,FALSE,TRUE,0,0.024247788,0.024247788,Jan-24
2024/1/25,0,0,0,0, 1.7739 ,FALSE,TRUE,0,0.003466505,0.003466505,Jan-24
2024/1/26,0,0,0,0, 1.7739 ,FALSE,FALSE,0,0,0,Jan-24
2024/1/29,18,-0.025627401,-0.007602387,-0.018163097, 1.7483 ,TRUE,TRUE,-0.007602387,0.018163097,0.010422627319545574,Jan-24
2024/1/30,17,0.019494737,0,0.019494737, 1.7677 ,TRUE,TRUE,0,0.019494736842105453,0.019494736842105453,Jan-24
2024/1/31,18,-0.001846524,-0.001588869,-0.000258065, 1.7659 ,TRUE,TRUE,-0.001588869,-0.000258065,-0.001846524,Jan-24
2024/2/1,0,0,0,0, 1.7659 ,FALSE,FALSE,0,0,0,Feb-24
2024/2/2,19,0.029783043,0.008376174,0.02122905, 1.7957 ,TRUE,TRUE,0.008376174,0.02122905,0.029783043,Feb-24
2024/2/5,0,0,0,0, 1.7957 ,FALSE,TRUE,0,0.041561554,0.041561554,Feb-24
2024/2/6,9,0.066586823,0.000726612,0.065812391, 1.8623 ,TRUE,TRUE,0.000726612,0.065812391,0.066586823,Feb-24
2024/2/7,0,0,0,0, 1.8623 ,FALSE,TRUE,0,0.003820896,0.003820896,Feb-24
2024/2/8,0,0,0,0, 1.8623 ,FALSE,FALSE,0,0,0,Feb-24
2024/2/19,0,0,0,0, 1.8623 ,FALSE,FALSE,0,0,0,Feb-24
2024/2/20,0,0,0,0, 1.8623 ,FALSE,FALSE,0,0,0,Feb-24
2024/2/21,10,0.010716956,0.000249232,0.010465116, 1.8730 ,TRUE,TRUE,0.000249232,0.010465116279069653,0.010716956052172266,Feb-24
2024/2/22,29,0.000246616,8.21963E-05,0.000164406, 1.8732 ,TRUE,TRUE,8.219628472783125e-05,0.000164406,0.000246616,Feb-24
2024/2/23,0,0,0,0, 1.8732 ,FALSE,TRUE,0,0.002239469,0.002239469,Feb-24
2024/2/26,7,0.006442436,-0.000167336,0.006610879, 1.8797 ,TRUE,TRUE,-0.000167336,0.006610879,0.006442436,Feb-24
2024/2/27,22,0.024865813,-0.002147783,0.02707174, 1.9045 ,TRUE,TRUE,-0.002147783,0.027071740111294984,0.024865813,Feb-24
2024/2/28,18,0.033080847,0.005178544,0.027758554, 1.9376 ,TRUE,TRUE,0.005178544,0.027758554402153024,0.033080847,Feb-24
2024/2/29,20,0.006770911,0,0.006770911, 1.9444 ,TRUE,TRUE,0,0.006770911,0.006770911,Feb-24
2024/3/1,0,0,0,0, 1.9444 ,FALSE,FALSE,0,0,0,Mar-24
2024/3/4,0,0,0,0, 1.9444 ,FALSE,FALSE,0,0,0,Mar-24
2024/3/5,0,0,0,0, 1.9444 ,FALSE,FALSE,0,0,0,Mar-24
2024/3/6,0,0,0,0, 1.9444 ,FALSE,TRUE,0,0.014909756735548063,0.014909756735548063,Mar-24
2024/3/7,0,0,0,0, 1.9444 ,FALSE,FALSE,0,0,0,Mar-24
2024/3/8,0,0,0,0, 1.9444 ,FALSE,FALSE,0,0,0,Mar-24
2024/3/11,47,-0.002281391,-0.001114144,-0.001168549, 1.9421 ,TRUE,TRUE,-0.001114144,-0.001168549,-0.002281391,Mar-24
2024/3/12,0,0,0,0, 1.9421 ,FALSE,TRUE,0,0.004959589,0.004959589,Mar-24
2024/3/13,0,0,0,0, 1.9421 ,FALSE,FALSE,0,0,0,Mar-24
2024/3/14,0,0,0,0, 1.9421 ,FALSE,FALSE,0,0,0,Mar-24
2024/3/15,0,0,0,0, 1.9421 ,FALSE,FALSE,0,0,0,Mar-24
2024/3/18,47,0.007064192,0.002827208,0.004225039, 1.9492 ,TRUE,TRUE,0.002827208,0.004225039,0.007064192,Mar-24
2024/3/19,0,0,0,0, 1.9492 ,FALSE,FALSE,0,0,0,Mar-24
2024/3/20,30,0.001970929,0,0.001970929, 1.9511 ,TRUE,TRUE,0,0.001970929,0.001970929,Mar-24
2024/3/21,0,0,0,0, 1.9511 ,FALSE,FALSE,0,0,0,Mar-24
2024/3/22,19,0.01369723,0.002645798,0.011022269, 1.9648 ,FALSE,TRUE,0,0.011022268719174999,0.011022268719174999,Mar-24
2024/3/25,18,-0.004986966,0.001095621,-0.00607593, 1.9599 ,TRUE,TRUE,0.001095621,-0.00607593,-0.004986966,Mar-24
2024/3/26,0,0,0,0, 1.9599 ,FALSE,FALSE,0,0,0,Mar-24
2024/3/27,18,0.012852872,0.003688891,0.0091303, 1.9727 ,TRUE,TRUE,0.003688891,0.0091303,0.012852871510115271,Mar-24
2024/3/28,31,0.013724889,-0.000536727,0.014269275, 1.9864 ,TRUE,TRUE,-0.000536727,0.014269275028768513,0.013724888820732861,Mar-24
2024/3/29,0,0,0,0, 1.9864 ,FALSE,FALSE,0,0,0,Mar-24
2024/4/1,20,0.000102579,0.002109548,-0.002002745, 1.9865 ,TRUE,TRUE,0.002109548,-0.002002745,0.000102579,Apr-24
2024/4/2,0,0,0,0, 1.9865 ,FALSE,FALSE,0,0,0,Apr-24
2024/4/3,0,0,0,0, 1.9865 ,FALSE,FALSE,0,0,0,Apr-24
2024/4/8,0,0,0,0, 1.9865 ,FALSE,FALSE,0,0,0,Apr-24
2024/4/9,36,0.010962195,0,0.010962195, 1.9975 ,TRUE,TRUE,0,0.010962195442429712,0.010962195442429712,Apr-24
2024/4/10,0,0,0,0, 1.9975 ,FALSE,FALSE,0,0,0,Apr-24
2024/4/11,31,-0.007505186,0.00226287,-0.009746002, 1.9900 ,TRUE,TRUE,0.00226287,-0.009746002,-0.007505186,Apr-24
2024/4/12,0,0,0,0, 1.9900 ,FALSE,FALSE,0,0,0,Apr-24
2024/4/15,11,0.023482998,0,0.023482998, 2.0135 ,TRUE,TRUE,0,0.023482998309224068,0.023482998,Apr-24
2024/4/16,18,0.027664486,0.009388226,0.018106274, 2.0411 ,TRUE,TRUE,0.009388226,0.018106274300525804,0.027664486,Apr-24
2024/4/17,47,-0.001601263,0.003143066,-0.004729463, 2.0395 ,TRUE,FALSE,0.003143066,0,0.003143066,Apr-24
2024/4/18,0,0,0,0, 2.0395 ,FALSE,FALSE,0,0,0,Apr-24
2024/4/19,0,0,0,0, 2.0395 ,FALSE,FALSE,0,0,0,Apr-24
2024/4/22,0,0,0,0, 2.0395 ,FALSE,FALSE,0,0,0,Apr-24
2024/4/23,0,0,0,0, 2.0395 ,FALSE,FALSE,0,0,0,Apr-24
2024/4/24,0,0,0,0, 2.0395 ,FALSE,FALSE,0,0,0,Apr-24
2024/4/25,0,0,0,0, 2.0395 ,FALSE,FALSE,0,0,0,Apr-24
2024/4/26,0,0,0,0, 2.0395 ,FALSE,FALSE,0,0,0,Apr-24
2024/4/29,0,0,0,0, 2.0395 ,FALSE,FALSE,0,0,0,Apr-24
2024/4/30,0,0,0,0, 2.0395 ,FALSE,FALSE,0,0,0,Apr-24
2024/5/6,0,0,0,0, 2.0395 ,FALSE,FALSE,0,0,0,May-24
2024/5/7,28,-0.009270031,0,-0.009270031, 2.0303 ,FALSE,FALSE,0,0,0,May-24
2024/5/8,0,0,0,0, 2.0303 ,FALSE,FALSE,0,0,0,May-24
2024/5/9,45,0.003191435,-0.001694121,0.004893847, 2.0335 ,TRUE,FALSE,-0.001694121,0,-0.001694121,May-24
2024/5/10,0,0,0,0, 2.0335 ,FALSE,TRUE,0,-0.001277955,-0.001277955,May-24
2024/5/13,0,0,0,0, 2.0335 ,FALSE,FALSE,0,0,0,May-24
2024/5/14,0,0,0,0, 2.0335 ,FALSE,FALSE,0,0,0,May-24
2024/5/15,0,0,0,0, 2.0335 ,FALSE,FALSE,0,0,0,May-24
2024/5/16,0,0,0,0, 2.0335 ,FALSE,FALSE,0,0,0,May-24
2024/5/17,11,-0.000328935,0,-0.000328935, 2.0331 ,TRUE,TRUE,0,-0.000328935,-0.000328935,May-24
2024/5/20,0,0,0,0, 2.0331 ,FALSE,FALSE,0,0,0,May-24
2024/5/21,0,0,0,0, 2.0331 ,FALSE,FALSE,0,0,0,May-24
2024/5/22,0,0,0,0, 2.0331 ,FALSE,FALSE,0,0,0,May-24
2024/5/23,17,0.009323308,0,0.009323308, 2.0425 ,TRUE,TRUE,0,0.009323308,0.009323308,May-24
2024/5/24,0,0,0,0, 2.0425 ,FALSE,FALSE,0,0,0,May-24
2024/5/27,0,0,0,0, 2.0425 ,FALSE,FALSE,0,0,0,May-24
2024/5/28,0,0,0,0, 2.0425 ,FALSE,FALSE,0,0,0,May-24
2024/5/29,26,0.001325758,0,0.001325758, 2.0438 ,FALSE,TRUE,0,0.001114206,0.001114206,May-24
2024/5/30,0,0,0,0, 2.0438 ,FALSE,FALSE,0,0,0,May-24
2024/5/31,0,0,0,0, 2.0438 ,FALSE,FALSE,0,0,0,May-24
2024/6/3,0,0,0,0, 2.0438 ,FALSE,FALSE,0,0,0,Jun-24
2024/6/4,45,0.011256853,0.001356648,0.009886792, 2.0550 ,TRUE,TRUE,0.001356648,0.009886792,0.011256853,Jun-24
2024/6/5,0,0,0,0, 2.0550 ,FALSE,FALSE,0,0,0,Jun-24
2024/6/6,0,0,0,0, 2.0550 ,FALSE,FALSE,0,0,0,Jun-24
2024/6/7,0,0,0,0, 2.0550 ,FALSE,FALSE,0,0,0,Jun-24
2024/6/11,34,0.003853565,0,0.003853565, 2.0589 ,TRUE,TRUE,0,0.003853565,0.003853565,Jun-24
2024/6/12,32,0.003834164,-0.001585863,0.005428636, 2.0627 ,TRUE,FALSE,-0.001585863,0,-0.001585863,Jun-24
2024/6/13,0,0,0,0, 2.0627 ,FALSE,FALSE,0,0,0,Jun-24
2024/6/14,29,0.004465647,0.004215573,0.000249025, 2.0672 ,FALSE,TRUE,0,0.000249025,0.000249025,Jun-24
2024/6/17,0,0,0,0, 2.0672 ,FALSE,FALSE,0,0,0,Jun-24
2024/6/18,0,0,0,0, 2.0672 ,FALSE,FALSE,0,0,0,Jun-24
2024/6/19,0,0,0,0, 2.0672 ,FALSE,FALSE,0,0,0,Jun-24
2024/6/20,0,0,0,0, 2.0672 ,FALSE,FALSE,0,0,0,Jun-24
2024/6/21,0,0,0,0, 2.0672 ,FALSE,FALSE,0,0,0,Jun-24
2024/6/24,43,0.011563943,0,0.011563943, 2.0788 ,TRUE,TRUE,0,0.011563942983336739,0.011563942983336739,Jun-24
2024/6/25,0,0,0,0, 2.0788 ,FALSE,FALSE,0,0,0,Jun-24
2024/6/26,36,0.014457831,0,0.014457831, 2.0932 ,TRUE,TRUE,0,0.014457831325301207,0.014457831325301207,Jun-24
2024/6/27,18,0.000203749,-0.001629992,0.001836735, 2.0934 ,TRUE,TRUE,-0.001629992,0.001836735,0.000203749,Jun-24
2024/6/28,0,0,0,0, 2.0934 ,FALSE,FALSE,0,0,0,Jun-24
2024/7/1,47,0.001156008,0.002087804,-0.000929854, 2.0946 ,FALSE,TRUE,0,-0.000929854,-0.000929854,Jul-24
2024/7/2,43,0.008372282,0,0.008372282, 2.1029 ,TRUE,TRUE,0,0.008372282,0.008372282,Jul-24
2024/7/3,0,0,0,0, 2.1029 ,FALSE,FALSE,0,0,0,Jul-24
2024/7/4,0,0,0,0, 2.1029 ,FALSE,FALSE,0,0,0,Jul-24
2024/7/5,36,0.016033058,0,0.016033058, 2.1190 ,TRUE,TRUE,0,0.016033057851239763,0.016033057851239763,Jul-24
2024/7/8,18,0.019401982,-0.0009659,0.020387574, 2.1384 ,TRUE,TRUE,-0.0009659,0.020387574088864824,0.019401982,Jul-24
2024/7/9,22,0.004821873,0.000205982,0.004614941, 2.1432 ,TRUE,TRUE,0.000205982,0.004614941,0.004821873,Jul-24
2024/7/10,30,-0.005813464,0,-0.005813464, 2.1374 ,TRUE,TRUE,0,-0.005813464,-0.005813464,Jul-24
2024/7/11,0,0,0,0, 2.1374 ,FALSE,FALSE,0,0,0,Jul-24
2024/7/12,43,0.00722744,0,0.00722744, 2.1446 ,TRUE,TRUE,0,0.00722744,0.00722744,Jul-24
2024/7/15,43,-0.00411421,0,-0.00411421, 2.1405 ,TRUE,TRUE,0,-0.00411421,-0.00411421,Jul-24
2024/7/16,0,0,0,0, 2.1405 ,FALSE,FALSE,0,0,0,Jul-24
2024/7/17,43,-0.011275079,0,-0.011275079, 2.1292 ,TRUE,FALSE,0,0,0,Jul-24
2024/7/18,0,0,0,0, 2.1292 ,FALSE,FALSE,0,0,0,Jul-24
2024/7/19,29,0.005425425,0.000656868,0.004765426, 2.1347 ,TRUE,TRUE,0.000656868,0.004765426,0.005425425,Jul-24
2024/7/22,0,0,0,0, 2.1347 ,FALSE,FALSE,0,0,0,Jul-24
2024/7/23,17,0.012915601,0,0.012915601, 2.1476 ,TRUE,TRUE,0,0.012915601,0.012915601,Jul-24
2024/7/24,0,0,0,0, 2.1476 ,FALSE,FALSE,0,0,0,Jul-24
2024/7/25,31,0.017764523,0.005532503,0.012164718, 2.1653 ,TRUE,TRUE,0.005532503,0.012164718019257226,0.017764523,Jul-24
2024/7/26,22,0.006334244,-0.002123413,0.008475654, 2.1717 ,TRUE,TRUE,-0.002123413,0.008475654,0.006334244,Jul-24
2024/7/29,30,0.005032412,0,0.005032412, 2.1767 ,TRUE,TRUE,0,0.005032412,0.005032412,Jul-24
2024/7/30,0,0,0,0, 2.1767 ,FALSE,FALSE,0,0,0,Jul-24
2024/7/31,0,0,0,0, 2.1767 ,FALSE,FALSE,0,0,0,Jul-24
2024/8/1,49,0.001106571,0,0.001106571, 2.1778 ,TRUE,TRUE,0,0.001106571,0.001106571,Aug-24
2024/8/2,0,0,0,0, 2.1778 ,FALSE,FALSE,0,0,0,Aug-24
2024/8/5,18,0.01032027,0.014755427,-0.004370666, 2.1881 ,TRUE,TRUE,0.014755426670646887,-0.004370666,0.010320269521088221,Aug-24
2024/8/6,36,-0.001353294,0,-0.001353294, 2.1868 ,FALSE,TRUE,0,-0.000780781,-0.000780781,Aug-24
2024/8/7,0,0,0,0, 2.1868 ,FALSE,FALSE,0,0,0,Aug-24
2024/8/8,0,0,0,0, 2.1868 ,FALSE,FALSE,0,0,0,Aug-24
2024/8/9,0,0,0,0, 2.1868 ,FALSE,FALSE,0,0,0,Aug-24
2024/8/12,0,0,0,0, 2.1868 ,FALSE,FALSE,0,0,0,Aug-24
2024/8/13,0,0,0,0, 2.1868 ,FALSE,FALSE,0,0,0,Aug-24
2024/8/14,0,0,0,0, 2.1868 ,FALSE,FALSE,0,0,0,Aug-24
2024/8/15,0,0,0,0, 2.1868 ,FALSE,FALSE,0,0,0,Aug-24
2024/8/16,0,0,0,0, 2.1868 ,FALSE,FALSE,0,0,0,Aug-24
2024/8/19,28,-0.019305019,0,-0.019305019, 2.1675 ,TRUE,FALSE,0,0,0,Aug-24
2024/8/20,19,0.000305752,0.000656168,-0.000350186, 2.1678 ,TRUE,TRUE,0.000656168,-0.000350186,0.000305752,Aug-24
2024/8/21,25,-0.001027221,0,-0.001027221, 2.1667 ,TRUE,TRUE,0,0.011906325235281234,0.011906325235281123,Aug-24
2024/8/22,0,0,0,0, 2.1667 ,FALSE,FALSE,0,0,0,Aug-24
2024/8/23,44,0.001858983,0.003629443,-0.001764057, 2.1686 ,TRUE,TRUE,0.003629443,-0.001764057,0.001858983,Aug-24
2024/8/26,0,0,0,0, 2.1686 ,FALSE,FALSE,0,0,0,Aug-24
2024/8/27,0,0,0,0, 2.1686 ,FALSE,FALSE,0,0,0,Aug-24
2024/8/28,0,0,0,0, 2.1686 ,FALSE,FALSE,0,0,0,Aug-24
2024/8/29,34,0.018036248,0,0.018036248, 2.1866 ,TRUE,TRUE,0,0.018036248,0.018036248,Aug-24
2024/8/30,0,0,0,0, 2.1866 ,FALSE,TRUE,0,0.019597663854639902,0.019597664,Aug-24
2024/9/2,2,0.001676816,0.001676816,0, 2.1883 ,TRUE,TRUE,0.001676816,0,0.001676816,Sep-24
2024/9/3,0,0,0,0, 2.1883 ,FALSE,FALSE,0,0,0,Sep-24
2024/9/4,31,0.005077475,0.002407424,0.002663639, 2.1934 ,TRUE,TRUE,0.002407424,0.002663639,0.005077475,Sep-24
2024/9/5,0,0,0,0, 2.1934 ,FALSE,FALSE,0,0,0,Sep-24
2024/9/6,0,0,0,0, 2.1934 ,FALSE,FALSE,0,0,0,Sep-24
2024/9/9,31,-0.000355983,0.002313888,-0.002663707, 2.1930 ,TRUE,TRUE,0.002313888,-0.002663707,-0.000355983,Sep-24
2024/9/10,30,0.004573171,0,0.004573171, 2.1976 ,TRUE,TRUE,0,0.004573171,0.004573171,Sep-24
2024/9/11,0,0,0,0, 2.1976 ,FALSE,FALSE,0,0,0,Sep-24
2024/9/12,0,0,0,0, 2.1976 ,FALSE,FALSE,0,0,0,Sep-24
2024/9/13,0,0,0,0, 2.1976 ,FALSE,FALSE,0,0,0,Sep-24
2024/9/18,0,0,0,0, 2.1976 ,FALSE,FALSE,0,0,0,Sep-24
2024/9/19,45,0.007523139,0.002794659,0.004715302, 2.2051 ,TRUE,TRUE,0.002794659,0.004715302,0.007523139,Sep-24
2024/9/20,29,-0.004930497,-0.000807899,-0.004125931, 2.2002 ,TRUE,FALSE,-0.000807899,0,-0.000807899,Sep-24
2024/9/23,0,0,0,0, 2.2002 ,FALSE,FALSE,0,0,0,Sep-24
2024/9/24,9,0.011845447,0.014881838,-0.002991867, 2.2121 ,TRUE,TRUE,0.014881838,-0.002991867,0.011845446543430116,Sep-24
2024/9/25,24,0.055621302,-0.000211327,0.05584443, 2.2677 ,TRUE,TRUE,-0.000211327,0.055844430352990804,0.055621302,Sep-24
2024/9/26,9,0.097224425,0.020401338,0.075287129, 2.3649 ,TRUE,TRUE,0.020401337792642193,0.075287129,0.097224425,Sep-24
2024/9/27,99,0.086942891,0.028528136,0.056794514, 2.4518 ,TRUE,TRUE,0.028528136266262605,0.056794513589027096,0.086942891,Sep-24
2024/9/30,0,0,0,0, 2.4518 ,FALSE,FALSE,0,0,0,Sep-24
2024/10/8,99,-0.076785882,-0.01717826,-0.060649475, 2.3751 ,FALSE,TRUE,0,0.060649475,0.060649475,Oct-24
2024/10/9,3,0.010568488,0.010568488,0, 2.3856 ,TRUE,TRUE,0.010568487946397642,0,0.010568487946397642,Oct-24
2024/10/10,14,0.026659202,0.002742595,0.023851193, 2.4123 ,TRUE,TRUE,0.002742595,0.023851192559627976,0.026659202,Oct-24
2024/10/11,3,0.011558797,0.011558797,0, 2.4238 ,TRUE,TRUE,0.011558796718322606,0,0.011558796718322606,Oct-24
2024/10/14,8,-0.014132971,0.006156641,-0.02016546, 2.4097 ,TRUE,TRUE,0.006156641,0.021986391794455273,0.028278395,Oct-24
2024/10/15,1,0.010392781,0,0.010392781, 2.4201 ,TRUE,TRUE,0,0.010392780531104373,0.010392780531104373,Oct-24
2024/10/16,33,-0.016523314,0.006941301,-0.023302862, 2.4036 ,FALSE,FALSE,0,0,0,Oct-24
2024/10/17,0,0,0,0, 2.4036 ,FALSE,FALSE,0,0,0,Oct-24
2024/10/18,9,0.011015474,0.00504176,0.005943747, 2.4146 ,TRUE,TRUE,0.00504176,0.005943747,0.011015473660241248,Oct-24
2024/10/21,34,0.011825157,0,0.011825157, 2.4264 ,TRUE,TRUE,0,0.011825157,0.011825157,Oct-24
2024/10/22,0,0,0,0, 2.4264 ,FALSE,FALSE,0,0,0,Oct-24
2024/10/23,0,0,0,0, 2.4264 ,FALSE,FALSE,0,0,0,Oct-24
2024/10/24,0,0,0,0, 2.4264 ,FALSE,FALSE,0,0,0,Oct-24
2024/10/25,47,-0.002427843,0.000454729,-0.002881262, 2.4240 ,FALSE,FALSE,0,0,0,Oct-24
2024/10/28,0,0,0,0, 2.4240 ,FALSE,FALSE,0,0,0,Oct-24
2024/10/29,0,0,0,0, 2.4240 ,FALSE,FALSE,0,0,0,Oct-24
2024/10/30,0,0,0,0, 2.4240 ,FALSE,FALSE,0,0,0,Oct-24
2024/10/31,34,-0.006094862,0,-0.006094862, 2.4179 ,TRUE,TRUE,0,-0.006094862,-0.006094862,Oct-24
2024/11/1,0,0,0,0, 2.4179 ,FALSE,FALSE,0,0,0,Nov-24
2024/11/4,45,-0.030373078,0.003710325,-0.033957409, 2.3875 ,FALSE,FALSE,0,0,0,Nov-24
2024/11/5,0,0,0,0, 2.3875 ,FALSE,FALSE,0,0,0,Nov-24
2024/11/6,50,0.045127292,0,0.045127292, 2.4327 ,TRUE,TRUE,0,0.045127292,0.045127292,Nov-24
2024/11/7,46,0.005513135,0.000272522,0.005239185, 2.4382 ,TRUE,TRUE,0.000272522,0.005239185,0.005513135,Nov-24
2024/11/8,0,0,0,0, 2.4382 ,FALSE,FALSE,0,0,0,Nov-24
2024/11/11,42,0.002245417,-0.00573253,0.008023944, 2.4404 ,TRUE,FALSE,-0.00573253,0,-0.00573253,Nov-24
2024/11/12,0,0,0,0, 2.4404 ,FALSE,FALSE,0,0,0,Nov-24
2024/11/13,29,0.0074321,0.00264007,0.004779412, 2.4478 ,TRUE,TRUE,0.00264007,0.004779412,0.0074321,Nov-24
2024/11/14,42,0.02496282,-0.00022119,0.025189581, 2.4728 ,TRUE,TRUE,-0.00022119,0.025189581,0.02496282,Nov-24
2024/11/15,17,0.021019001,0,0.021019001, 2.4938 ,TRUE,TRUE,0,0.021019001,0.021019001177064123,Nov-24
2024/11/18,24,0.011714188,0.001992442,0.009702414, 2.5055 ,TRUE,TRUE,0.001992442,0.009702414,0.011714187564410894,Nov-24
2024/11/19,21,0.009099861,-0.003089878,0.01222752, 2.5146 ,TRUE,TRUE,-0.003089878,0.01222752,0.009099861,Nov-24
2024/11/20,0,0,0,0, 2.5146 ,FALSE,FALSE,0,0,0,Nov-24
2024/11/21,0,0,0,0, 2.5146 ,FALSE,FALSE,0,0,0,Nov-24
2024/11/22,3,0.003678403,0.003678403,0, 2.5183 ,TRUE,TRUE,0.003678403,0,0.003678403,Nov-24
2024/11/25,0,0,0,0, 2.5183 ,FALSE,FALSE,0,0,0,Nov-24
2024/11/26,0,0,0,0, 2.5183 ,FALSE,FALSE,0,0,0,Nov-24
2024/11/27,20,-0.002246003,0.002704765,-0.004937413, 2.5161 ,TRUE,TRUE,0.002704765,-0.004937413,-0.002246003,Nov-24
2024/11/28,0,0,0,0, 2.5161 ,FALSE,FALSE,0,0,0,Nov-24
2024/11/29,0,0,0,0, 2.5161 ,FALSE,FALSE,0,0,0,Nov-24
2024/12/2,0,0,0,0, 2.5161 ,FALSE,FALSE,0,0,0,Dec-24
2024/12/3,0,0,0,0, 2.5161 ,FALSE,TRUE,0,0.000906687,0.000906687,Dec-24
2024/12/4,0,0,0,0, 2.5161 ,FALSE,FALSE,0,0,0,Dec-24
2024/12/5,0,0,0,0, 2.5161 ,FALSE,FALSE,0,0,0,Dec-24
2024/12/6,0,0,0,0, 2.5161 ,FALSE,FALSE,0,0,0,Dec-24
2024/12/9,0,0,0,0, 2.5161 ,FALSE,FALSE,0,0,0,Dec-24
2024/12/10,24,0.007510765,0.001235104,0.00626792, 2.5236 ,TRUE,TRUE,0.001235104,0.00626792,0.007510765,Dec-24
2024/12/11,34,0.009108976,0,0.009108976, 2.5327 ,TRUE,TRUE,0,0.009108976,0.009108976,Dec-24
2024/12/12,29,0.027002914,0.007526564,0.019330855, 2.5597 ,TRUE,TRUE,0.007526564,0.019330855018587445,0.027002914287470148,Dec-24
2024/12/13,4,0.007258883,0,0.007258883, 2.5670 ,TRUE,TRUE,0,0.007258883,0.007258883,Dec-24
2024/12/16,43,0.008507033,0,0.008507033, 2.5755 ,TRUE,TRUE,0,0.008507033,0.008507033,Dec-24
2024/12/17,43,-0.000237804,0,-0.000237804, 2.5752 ,TRUE,TRUE,0,-0.000237804,-0.000237804,Dec-24
2024/12/18,28,0.010495368,0,0.010495368, 2.5857 ,TRUE,TRUE,0,0.010495367679737466,0.010495367679737466,Dec-24
2024/12/19,0,0,0,0, 2.5857 ,FALSE,FALSE,0,0,0,Dec-24
2024/12/20,0,0,0,0, 2.5857 ,FALSE,FALSE,0,0,0,Dec-24
2024/12/23,0,0,0,0, 2.5857 ,FALSE,FALSE,0,0,0,Dec-24
2024/12/24,33,0.002960332,0.001850207,0.001108074, 2.5887 ,TRUE,TRUE,0.001850207,0.001108074,0.002960332,Dec-24
2024/12/25,0,0,0,0, 2.5887 ,FALSE,FALSE,0,0,0,Dec-24
2024/12/26,0,0,0,0, 2.5887 ,FALSE,FALSE,0,0,0,Dec-24
2024/12/27,0,0,0,0, 2.5887 ,FALSE,FALSE,0,0,0,Dec-24
2024/12/30,0,0,0,0, 2.5887 ,FALSE,FALSE,0,0,0,Dec-24
2024/12/31,17,0.028199185,0,0.028199185, 2.6169 ,TRUE,TRUE,0,0,0,Dec-24
2025/1/2,2,0.001915224,0.001915224,0, 2.6188 ,TRUE,TRUE,0.001915224,0,0.001915224,Jan-25
2025/1/3,18,-0.00198939,-0.001399941,-0.000590275, 2.6168 ,TRUE,TRUE,-0.001399941,-0.000590275,-0.00198939,Jan-25
2025/1/6,0,0,0,0, 2.6168 ,FALSE,FALSE,0,0,0,Jan-25
2025/1/7,0,0,0,0, 2.6168 ,FALSE,FALSE,0,0,0,Jan-25
2025/1/8,29,0.006528243,-0.001155179,0.007692308, 2.6233 ,TRUE,TRUE,-0.001155179,0.007692308,0.006528243,Jan-25
2025/1/9,0,0,0,0, 2.6233 ,FALSE,FALSE,0,0,0,Jan-25
2025/1/10,0,0,0,0, 2.6233 ,FALSE,FALSE,0,0,0,Jan-25
2025/1/13,0,0,0,0, 2.6233 ,FALSE,FALSE,0,0,0,Jan-25
2025/1/14,0,0,0,0, 2.6233 ,FALSE,FALSE,0,0,0,Jan-25
2025/1/15,49,0.007999385,0,0.007999385, 2.6313 ,TRUE,TRUE,0,0.007999385,0.007999385,Jan-25
2025/1/16,0,0,0,0, 2.6313 ,FALSE,FALSE,0,0,0,Jan-25
2025/1/17,0,0,0,0, 2.6313 ,FALSE,FALSE,0,0,0,Jan-25
2025/1/20,0,0,0,0, 2.6313 ,FALSE,FALSE,0,0,0,Jan-25
2025/1/21,34,0.001073537,0,0.001073537, 2.6324 ,TRUE,TRUE,0,0.001073537,0.001073537,Jan-25
2025/1/22,0,0,0,0, 2.6324 ,FALSE,FALSE,0,0,0,Jan-25
2025/1/23,24,0.016542597,0.001294638,0.015228244, 2.6489 ,TRUE,TRUE,0.001294638,0.015228244,0.016542597187758412,Jan-25
2025/1/24,45,0.016452596,7.07539E-05,0.016380683, 2.6654 ,TRUE,TRUE,7.075388261923443e-05,0.016380682823279757,0.016452596,Jan-25
2025/1/27,0,0,0,0, 2.6654 ,FALSE,FALSE,0,0,0,Jan-25
2025/2/5,38,0.03019483,0.002647206,0.027474892, 2.6956 ,TRUE,TRUE,0.002647206,0.027474892395982664,0.03019483,Feb-25
2025/2/6,0,0,0,0, 2.6956 ,FALSE,FALSE,0,0,0,Feb-25
2025/2/7,0,0,0,0, 2.6956 ,FALSE,FALSE,0,0,0,Feb-25
2025/2/10,0,0,0,0, 2.6956 ,FALSE,FALSE,0,0,0,Feb-25
2025/2/11,0,0,0,0, 2.6956 ,FALSE,FALSE,0,0,0,Feb-25
2025/2/12,0,0,0,0, 2.6956 ,FALSE,FALSE,0,0,0,Feb-25
2025/2/13,0,0,0,0, 2.6956 ,FALSE,FALSE,0,0,0,Feb-25
2025/2/14,0,0,0,0, 2.6956 ,FALSE,FALSE,0,0,0,Feb-25
2025/2/17,0,0,0,0, 2.6956 ,FALSE,FALSE,0,0,0,Feb-25
2025/2/18,18,0.015772007,-0.001334291,0.017129154, 2.7114 ,TRUE,TRUE,-0.001334291,0.017129154,0.015772007253070486,Feb-25
2025/2/19,0,0,0,0, 2.7114 ,FALSE,FALSE,0,0,0,Feb-25
2025/2/20,50,0.010063838,0,0.010063838, 2.7214 ,TRUE,TRUE,0,0.010063838,0.010063838,Feb-25
2025/2/21,0,0,0,0, 2.7214 ,FALSE,FALSE,0,0,0,Feb-25
2025/2/24,26,0.000403497,0,0.000403497, 2.7218 ,TRUE,TRUE,0,0.000403497,0.000403497,Feb-25
2025/2/25,0,0,0,0, 2.7218 ,FALSE,FALSE,0,0,0,Feb-25
2025/2/26,0,0,0,0, 2.7218 ,FALSE,FALSE,0,0,0,Feb-25
2025/2/27,29,0.014511172,0.002532588,0.011948324, 2.7363 ,FALSE,TRUE,0,0.011948323500858726,0.011948323500858837,Feb-25
2025/2/28,17,0.000990945,0,0.000990945, 2.7373 ,TRUE,TRUE,0,0.000990945,0.000990945,Feb-25
2025/3/3,31,0.008414284,-0.006259406,0.014766117, 2.7457 ,TRUE,TRUE,-0.006259406,0.014766117096341125,0.008414284,Mar-25
2025/3/4,34,0.000983051,0,0.000983051, 2.7467 ,TRUE,TRUE,0,0.000983051,0.000983051,Mar-25
2025/3/5,44,0.019336923,0.005960242,0.013297425, 2.7661 ,TRUE,TRUE,0.005960242,0.013297424675980496,0.019336923,Mar-25
2025/3/6,0,0,0,0, 2.7661 ,FALSE,FALSE,0,0,0,Mar-25
2025/3/7,0,0,0,0, 2.7661 ,FALSE,FALSE,0,0,0,Mar-25
2025/3/10,42,-0.008106282,-0.008106282,0, 2.7580 ,FALSE,FALSE,0,0,0,Mar-25
2025/3/11,0,0,0,0, 2.7580 ,FALSE,FALSE,0,0,0,Mar-25
2025/3/12,0,0,0,0, 2.7580 ,FALSE,FALSE,0,0,0,Mar-25
2025/3/13,0,0,0,0, 2.7580 ,FALSE,FALSE,0,0,0,Mar-25
2025/3/14,0,0,0,0, 2.7580 ,FALSE,FALSE,0,0,0,Mar-25
2025/3/17,0,0,0,0, 2.7580 ,FALSE,FALSE,0,0,0,Mar-25
2025/3/18,0,0,0,0, 2.7580 ,FALSE,FALSE,0,0,0,Mar-25
2025/3/19,0,0,0,0, 2.7580 ,FALSE,FALSE,0,0,0,Mar-25
2025/3/20,0,0,0,0, 2.7580 ,FALSE,FALSE,0,0,0,Mar-25
2025/3/21,5,-0.002578366,-0.001024066,-0.001555894, 2.7554 ,TRUE,TRUE,-0.001024066,-0.001555894,-0.002578366,Mar-25
2025/3/24,0,0,0,0, 2.7554 ,FALSE,FALSE,0,0,0,Mar-25
2025/3/25,30,0.005494098,0,0.005494098, 2.7609 ,TRUE,TRUE,0,0.005494098,0.005494098,Mar-25
2025/3/26,0,0,0,0, 2.7609 ,FALSE,FALSE,0,0,0,Mar-25
2025/3/27,0,0,0,0, 2.7609 ,FALSE,FALSE,0,0,0,Mar-25
2025/3/28,30,0.002764495,0,0.002764495, 2.7636 ,TRUE,TRUE,0,0.002764495,0.002764495,Mar-25
2025/3/31,0,0,0,0, 2.7636 ,FALSE,TRUE,0,0.002501714,0.002501714,Mar-25
2025/4/1,0,0,0,0, 2.7636 ,FALSE,FALSE,0,0,0,Apr-25
2025/4/2,0,0,0,0, 2.7636 ,FALSE,FALSE,0,0,0,Apr-25
2025/4/3,29,0.080736288,0.036931392,0.042244739, 2.8444 ,TRUE,TRUE,0.036931392,0.042244738893219114,0.080736288,Apr-25
2025/4/7,3,0.012375387,0.012375387,0, 2.8568 ,TRUE,TRUE,0.012375387,0,0.012375387,Apr-25
2025/4/8,10,-0.006309148,-0.006309148,0, 2.8504 ,TRUE,TRUE,-0.006309148,0.036,0.029463722,Apr-25
2025/4/9,21,0.022609148,0.029291654,-0.006492335, 2.8731 ,TRUE,TRUE,0.029291654291654368,-0.006492335,0.022609147609147673,Apr-25
2025/4/10,0,0,0,0, 2.8731 ,FALSE,FALSE,0,0,0,Apr-25
2025/4/11,50,0.004519341,0,0.004519341, 2.8776 ,TRUE,TRUE,0,0.004519341,0.004519341,Apr-25
2025/4/14,0,0,0,0, 2.8776 ,FALSE,FALSE,0,0,0,Apr-25
2025/4/15,0,0,0,0, 2.8776 ,FALSE,FALSE,0,0,0,Apr-25
2025/4/16,29,-0.004641739,0.002117522,-0.006744979, 2.8729 ,TRUE,TRUE,0.002117522,-0.006744979,-0.004641739,Apr-25
2025/4/17,0,0,0,0, 2.8729 ,FALSE,FALSE,0,0,0,Apr-25
2025/4/18,0,0,0,0, 2.8729 ,FALSE,FALSE,0,0,0,Apr-25
2025/4/21,0,0,0,0, 2.8729 ,FALSE,FALSE,0,0,0,Apr-25
2025/4/22,30,0.005347996,0,0.005347996, 2.8783 ,TRUE,TRUE,0,0.005347996,0.005347996,Apr-25
2025/4/23,0,0,0,0, 2.8783 ,FALSE,FALSE,0,0,0,Apr-25
2025/4/24,0,0,0,0, 2.8783 ,FALSE,FALSE,0,0,0,Apr-25
2025/4/25,0,0,0,0, 2.8783 ,FALSE,FALSE,0,0,0,Apr-25
2025/4/28,0,0,0,0, 2.8783 ,FALSE,FALSE,0,0,0,Apr-25
2025/4/29,0,0,0,0, 2.8783 ,FALSE,FALSE,0,0,0,Apr-25
2025/4/30,0,0,0,0, 2.8783 ,FALSE,FALSE,0,0,0,Apr-25
2025/5/6,0,0,0,0, 2.8783 ,FALSE,FALSE,0,0,0,May-25
2025/5/7,28,0.008204125,0,0.008204125, 2.8865 ,TRUE,TRUE,0,0.008204125,0.008204125,May-25
2025/5/8,0,0,0,0, 2.8865 ,FALSE,FALSE,0,0,0,May-25
2025/5/9,0,0,0,0, 2.8865 ,FALSE,FALSE,0,0,0,May-25
2025/5/12,45,0.00316591,-0.005046664,0.00825423, 2.8896 ,TRUE,TRUE,-0.005046664,0.00825423,0.00316591,May-25
2025/5/13,0,0,0,0, 2.8896 ,FALSE,FALSE,0,0,0,May-25
2025/5/14,13,0.004420329,0,0.004420329, 2.8941 ,TRUE,TRUE,0,0.004420329,0.004420329,May-25
2025/5/15,0,0,0,0, 2.8941 ,FALSE,FALSE,0,0,0,May-25
2025/5/16,0,0,0,0, 2.8941 ,FALSE,FALSE,0,0,0,May-25
2025/5/19,34,0.00365884,0,0.00365884, 2.8977 ,TRUE,TRUE,0,0.00365884,0.00365884,May-25
2025/5/20,0,0,0,0, 2.8977 ,FALSE,FALSE,0,0,0,May-25
2025/5/21,28,0.002066573,0,0.002066573, 2.8998 ,TRUE,TRUE,0,0.002066573,0.002066573,May-25
2025/5/22,0,0,0,0, 2.8998 ,FALSE,FALSE,0,0,0,May-25
2025/5/23,0,0,0,0, 2.8998 ,FALSE,FALSE,0,0,0,May-25
2025/5/26,0,0,0,0, 2.8998 ,FALSE,FALSE,0,0,0,May-25
2025/5/27,0,0,0,0, 2.8998 ,FALSE,FALSE,0,0,0,May-25
2025/5/28,30,-0.000523913,0,-0.000523913, 2.8993 ,TRUE,TRUE,0,-0.000523913,-0.000523913,May-25
2025/5/29,22,0.007221008,0.004727799,0.002481478, 2.9065 ,TRUE,TRUE,0.004727799,0.002481478,0.007221008,May-25
2025/5/30,0,0,0,0, 2.9065 ,FALSE,TRUE,0,-0.002554662,-0.002554662,May-25
2025/6/3,0,0,0,0, 2.9065 ,FALSE,FALSE,0,0,0,Jun-25
2025/6/4,0,0,0,0, 2.9065 ,FALSE,FALSE,0,0,0,Jun-25
2025/6/5,0,0,0,0, 2.9065 ,FALSE,FALSE,0,0,0,Jun-25
2025/6/6,37,0.001786729,0.001711885,7.47161E-05, 2.9083 ,TRUE,TRUE,0.001711885,7.47160789003054e-05,0.001786729,Jun-25
2025/6/9,0,0,0,0, 2.9083 ,FALSE,FALSE,0,0,0,Jun-25
2025/6/10,0,0,0,0, 2.9083 ,FALSE,TRUE,0,0.005585422,0.005585422,Jun-25
2025/6/11,0,0,0,0, 2.9083 ,FALSE,FALSE,0,0,0,Jun-25
2025/6/12,0,0,0,0, 2.9083 ,FALSE,FALSE,0,0,0,Jun-25
2025/6/13,0,0,0,0, 2.9083 ,FALSE,FALSE,0,0,0,Jun-25
2025/6/16,0,0,0,0, 2.9083 ,FALSE,FALSE,0,0,0,Jun-25
2025/6/17,30,0.001864002,0,0.001864002, 2.9101 ,TRUE,TRUE,0,0.001864002,0.001864002,Jun-25
2025/6/18,0,0,0,0, 2.9101 ,FALSE,FALSE,0,0,0,Jun-25
2025/6/19,0,0,0,0, 2.9101 ,FALSE,FALSE,0,0,0,Jun-25
2025/6/20,0,0,0,0, 2.9101 ,FALSE,FALSE,0,0,0,Jun-25
2025/6/23,33,0.011152977,0.000452148,0.010695993, 2.9213 ,TRUE,TRUE,0.000452148,0.010695992768906537,0.011152976639035472,Jun-25
2025/6/24,40,0.018825091,0.001746298,0.01704902, 2.9401 ,TRUE,TRUE,0.001746298,0.01704902,0.018825090807488065,Jun-25
2025/6/25,20,-0.001824413,0.001234102,-0.003054745, 2.9383 ,TRUE,TRUE,0.001234102,-0.003054745,-0.001824413,Jun-25
2025/6/26,0,0,0,0, 2.9383 ,FALSE,FALSE,0,0,0,Jun-25
2025/6/27,0,0,0,0, 2.9383 ,FALSE,FALSE,0,0,0,Jun-25
2025/6/30,0,0,0,0, 2.9383 ,FALSE,FALSE,0,0,0,Jun-25
2025/7/1,0,0,0,0, 2.9383 ,FALSE,FALSE,0,0,0,Jul-25
2025/7/2,42,0.002019201,0.001405845,0.000612495, 2.9403 ,TRUE,TRUE,0.001405845,0.000612495,0.002019201,Jul-25
2025/7/3,0,0,0,0, 2.9403 ,FALSE,FALSE,0,0,0,Jul-25
2025/7/4,0,0,0,0, 2.9403 ,FALSE,FALSE,0,0,0,Jul-25
2025/7/7,0,0,0,0, 2.9403 ,FALSE,FALSE,0,0,0,Jul-25
2025/7/8,47,0.00135643,0.000200884,0.001155314, 2.9417 ,TRUE,TRUE,0.000200884,0.001155314,0.00135643,Jul-25
2025/7/9,0,0,0,0, 2.9417 ,FALSE,FALSE,0,0,0,Jul-25
2025/7/10,0,0,0,0, 2.9417 ,FALSE,FALSE,0,0,0,Jul-25
2025/7/11,0,0,0,0, 2.9417 ,FALSE,FALSE,0,0,0,Jul-25
2025/7/14,43,-0.001366667,0,-0.001366667, 2.9403 ,TRUE,TRUE,0,-0.001366667,-0.001366667,Jul-25
2025/7/15,0,0,0,0, 2.9403 ,FALSE,FALSE,0,0,0,Jul-25
2025/7/16,0,0,0,0, 2.9403 ,FALSE,FALSE,0,0,0,Jul-25
2025/7/17,0,0,0,0, 2.9403 ,FALSE,FALSE,0,0,0,Jul-25
2025/7/18,0,0,0,0, 2.9403 ,FALSE,FALSE,0,0,0,Jul-25
2025/7/21,0,0,0,0, 2.9403 ,FALSE,FALSE,0,0,0,Jul-25
2025/7/22,0,0,0,0, 2.9403 ,FALSE,FALSE,0,0,0,Jul-25
2025/7/23,0,0,0,0, 2.9403 ,FALSE,FALSE,0,0,0,Jul-25
2025/7/24,0,0,0,0, 2.9403 ,FALSE,FALSE,0,0,0,Jul-25
2025/7/25,50,0.004223033,0,0.004223033, 2.9445 ,TRUE,TRUE,0,0.004223033,0.004223033,Jul-25
2025/7/28,0,0,0,0, 2.9445 ,FALSE,FALSE,0,0,0,Jul-25
2025/7/29,0,0,0,0, 2.9445 ,FALSE,FALSE,0,0,0,Jul-25
2025/7/30,0,0,0,0, 2.9445 ,FALSE,FALSE,0,0,0,Jul-25
2025/7/31,16,0.006795553,0.001375786,0.00541232, 2.9513 ,TRUE,TRUE,0.001375786,0.00541232,0.006795553,Jul-25
2025/8/1,0,0,0,0, 2.9513 ,FALSE,FALSE,0,0,0,Aug-25
2025/8/4,0,0,0,0, 2.9513 ,FALSE,FALSE,0,0,0,Aug-25
2025/8/5,0,0,0,0, 2.9513 ,FALSE,FALSE,0,0,0,Aug-25
2025/8/6,0,0,0,0, 2.9513 ,FALSE,FALSE,0,0,0,Aug-25
2025/8/7,0,0,0,0, 2.9513 ,FALSE,FALSE,0,0,0,Aug-25
2025/8/8,0,0,0,0, 2.9513 ,FALSE,FALSE,0,0,0,Aug-25
2025/8/11,0,0,0,0, 2.9513 ,FALSE,FALSE,0,0,0,Aug-25
2025/8/12,0,0,0,0, 2.9513 ,FALSE,FALSE,0,0,0,Aug-25
2025/8/13,35,-0.003542331,-0.001774308,-0.001771165, 2.9478 ,TRUE,TRUE,-0.001774308,0.013860778902177073,0.012061877591137193,Aug-25
2025/8/14,0,0,0,0, 2.9478 ,FALSE,FALSE,0,0,0,Aug-25
2025/8/15,0,0,0,0, 2.9478 ,FALSE,FALSE,0,0,0,Aug-25
2025/8/18,0,0,0,0, 2.9478 ,FALSE,FALSE,0,0,0,Aug-25
2025/8/19,0,0,0,0, 2.9478 ,FALSE,FALSE,0,0,0,Aug-25
2025/8/20,25,0.002589223,0,0.002589223, 2.9504 ,TRUE,TRUE,0,0.002589223,0.002589223,Aug-25
2025/8/21,0,0,0,0, 2.9504 ,FALSE,FALSE,0,0,0,Aug-25
2025/8/22,0,0,0,0, 2.9504 ,FALSE,FALSE,0,0,0,Aug-25
2025/8/25,46,0.004048516,-3.66459E-05,0.004085312, 2.9544 ,TRUE,TRUE,-3.66E-05,0.004085312,0.004048516,Aug-25
2025/8/26,0,0,0,0, 2.9544 ,FALSE,FALSE,0,0,0,Aug-25
2025/8/27,6,0.017674167,0.000583902,0.017080292, 2.9721 ,TRUE,TRUE,0.000583902,0.017080291970802852,0.017674166912381217,Aug-25
2025/8/28,20,0.006297405,0.001004737,0.005287356, 2.9784 ,TRUE,TRUE,0.001004737,0.005287356,0.006297405,Aug-25
2025/8/29,29,0.000116048,-0.00295302,0.003078158, 2.9785 ,TRUE,FALSE,-0.00295302,0,-0.00295302,Aug-25
2025/9/1,33,0.004430125,0.001476708,0.002949062, 2.9829 ,FALSE,TRUE,0,0.002949062,0.002949062,Sep-25
2025/9/2,0,0,0,0, 2.9829 ,FALSE,FALSE,0,0,0,Sep-25
2025/9/3,6,0.018805363,0.002218421,0.016550227, 3.0017 ,TRUE,FALSE,0.002218421,0,0.002218421,Sep-25
2025/9/4,3,0.003008876,0.003008876,0, 3.0048 ,TRUE,TRUE,0.003008876,0,0.003008876,Sep-25
2025/9/5,0,0,0,0, 3.0048 ,FALSE,FALSE,0,0,0,Sep-25
2025/9/8,34,-0.004519119,0,-0.004519119, 3.0002 ,TRUE,TRUE,0,-0.004519119,-0.004519119,Sep-25
2025/9/9,0,0,0,0, 3.0002 ,FALSE,FALSE,0,0,0,Sep-25
2025/9/10,0,0,0,0, 3.0002 ,FALSE,FALSE,0,0,0,Sep-25
2025/9/11,8,-0.005603421,0.001096011,-0.006692097, 2.9946 ,TRUE,TRUE,0.001096011,-0.006692097,-0.005603421,Sep-25
2025/9/12,0,0,0,0, 2.9946 ,FALSE,FALSE,0,0,0,Sep-25
2025/9/15,0,0,0,0, 2.9946 ,FALSE,FALSE,0,0,0,Sep-25
2025/9/16,34,0.014179835,0,0.014179835, 3.0088 ,TRUE,TRUE,0,0.014179834988113482,0.014179834988113482,Sep-25
2025/9/17,0,0,0,0, 3.0088 ,FALSE,FALSE,0,0,0,Sep-25
2025/9/18,0,0,0,0, 3.0088 ,FALSE,FALSE,0,0,0,Sep-25
2025/9/19,30,-0.002882438,0,-0.002882438, 3.0059 ,TRUE,FALSE,0,0,0,Sep-25
2025/9/22,0,0,0,0, 3.0059 ,FALSE,FALSE,0,0,0,Sep-25
2025/9/23,0,0,0,0, 3.0059 ,FALSE,FALSE,0,0,0,Sep-25
2025/9/24,0,0,0,0, 3.0059 ,FALSE,FALSE,0,0,0,Sep-25
2025/9/25,28,0.000747537,0,0.000747537, 3.0067 ,TRUE,TRUE,0,0.000747537,0.000747537,Sep-25
2025/9/26,0,0,0,0, 3.0067 ,FALSE,FALSE,0,0,0,Sep-25
2025/9/29,20,0.005543246,-0.00100779,0.006557645, 3.0122 ,TRUE,TRUE,-0.00100779,0.006557645,0.005543246,Sep-25
2025/9/30,0,0,0,0, 3.0122 ,FALSE,FALSE,0,0,0,Sep-25
2025/10/9,20,-0.010698312,0.003909367,-0.014550794, 3.0015 ,TRUE,FALSE,0.003909367,0,0.003909367,Oct-25
2025/10/10,0,0,0,0, 3.0015 ,FALSE,FALSE,0,0,0,Oct-25
2025/10/13,30,0.004699564,0,0.004699564, 3.0062 ,TRUE,TRUE,0,0.004699564,0.004699564,Oct-25
2025/10/14,18,0.017446249,0.006039086,0.011338688, 3.0237 ,TRUE,TRUE,0.006039086,0.011338687713642548,0.017446249335980157,Oct-25
2025/10/15,0,0,0,0, 3.0237 ,FALSE,FALSE,0,0,0,Oct-25
2025/10/16,0,0,0,0, 3.0237 ,FALSE,FALSE,0,0,0,Oct-25
2025/10/17,3,0.010921068,0.010921068,0, 3.0346 ,TRUE,TRUE,0.010921068,0,0.010921068,Oct-25
2025/10/20,32,-0.015135352,-0.003805478,-0.011373154, 3.0195 ,TRUE,TRUE,-0.003805478,0.014789013875406987,0.010927256488209025,Oct-25
2025/10/21,0,0,0,0, 3.0195 ,FALSE,FALSE,0,0,0,Oct-25
2025/10/22,0,0,0,0, 3.0195 ,FALSE,FALSE,0,0,0,Oct-25
2025/10/23,29,-0.007852215,-0.001256364,-0.006604147, 3.0116 ,TRUE,TRUE,-0.001256364,-0.006604147,-0.007852215,Oct-25
2025/10/24,0,0,0,0, 3.0116 ,FALSE,FALSE,0,0,0,Oct-25
2025/10/27,0,0,0,0, 3.0116 ,FALSE,FALSE,0,0,0,Oct-25
2025/10/28,0,0,0,0, 3.0116 ,FALSE,FALSE,0,0,0,Oct-25
2025/10/29,0,0,0,0, 3.0116 ,FALSE,FALSE,0,0,0,Oct-25
2025/10/30,0,0,0,0, 3.0116 ,FALSE,FALSE,0,0,0,Oct-25
2025/10/31,0,0,0,0, 3.0116 ,FALSE,FALSE,0,0,0,Oct-25
2025/11/3,0,0,0,0, 3.0116 ,FALSE,TRUE,0,0.002055703,0.002055703,Nov-25
2025/11/4,19,-0.001954759,0.010924534,-0.012740113, 3.0096 ,TRUE,TRUE,0.010924534,-0.012740113,-0.001954759,Nov-25
2025/11/5,0,0,0,0, 3.0096 ,FALSE,FALSE,0,0,0,Nov-25
2025/11/6,0,0,0,0, 3.0096 ,FALSE,FALSE,0,0,0,Nov-25
2025/11/7,0,0,0,0, 3.0096 ,FALSE,FALSE,0,0,0,Nov-25
2025/11/10,0,0,0,0, 3.0096 ,FALSE,FALSE,0,0,0,Nov-25
2025/11/11,0,0,0,0, 3.0096 ,FALSE,FALSE,0,0,0,Nov-25
2025/11/12,0,0,0,0, 3.0096 ,FALSE,FALSE,0,0,0,Nov-25
2025/11/13,45,0.017518726,0.007934128,0.009509152, 3.0272 ,TRUE,TRUE,0.007934128,0.009509152,0.017518726,Nov-25
2025/11/14,46,0.003840793,0.00099889,0.002839067, 3.0310 ,TRUE,FALSE,0.00099889,0,0.00099889,Nov-25
2025/11/17,0,0,0,0, 3.0310 ,FALSE,FALSE,0,0,0,Nov-25
2025/11/18,0,0,0,0, 3.0310 ,FALSE,FALSE,0,0,0,Nov-25
2025/11/19,0,0,0,0, 3.0310 ,FALSE,FALSE,0,0,0,Nov-25
2025/11/20,0,0,0,0, 3.0310 ,FALSE,FALSE,0,0,0,Nov-25
2025/11/21,3,0.004431315,0.004431315,0, 3.0354 ,TRUE,TRUE,0.004431315,0,0.004431315,Nov-25
2025/11/24,0,0,0,0, 3.0354 ,FALSE,FALSE,0,0,0,Nov-25
2025/11/25,31,0.001362319,0.002695652,-0.001329749, 3.0368 ,TRUE,TRUE,0.002695652,-0.001329749,0.001362319,Nov-25
2025/11/26,0,0,0,0, 3.0368 ,FALSE,FALSE,0,0,0,Nov-25
2025/11/27,0,0,0,0, 3.0368 ,FALSE,FALSE,0,0,0,Nov-25
2025/11/28,0,0,0,0, 3.0368 ,FALSE,FALSE,0,0,0,Nov-25
2025/12/1,0,0,0,0, 3.0368 ,FALSE,FALSE,0,0,0,Dec-25
2025/12/2,0,0,0,0, 3.0368 ,FALSE,FALSE,0,0,0,Dec-25
2025/12/3,0,0,0,0, 3.0368 ,FALSE,FALSE,0,0,0,Dec-25
2025/12/4,25,0.010177946,0,0.010177946, 3.0470 ,TRUE,TRUE,0,0.010177945537880984,0.010177945537880984,Dec-25
2025/12/5,0,0,0,0, 3.0470 ,FALSE,FALSE,0,0,0,Dec-25
2025/12/8,0,0,0,0, 3.0470 ,FALSE,FALSE,0,0,0,Dec-25
2025/12/9,0,0,0,0, 3.0470 ,FALSE,FALSE,0,0,0,Dec-25
2025/12/10,34,-0.009298678,0,-0.009298678, 3.0377 ,TRUE,TRUE,0,-0.009298678,-0.009298678,Dec-25
2025/12/11,0,0,0,0, 3.0377 ,FALSE,FALSE,0,0,0,Dec-25
2025/12/12,45,0.008137059,0.006133259,0.001991585, 3.0458 ,TRUE,TRUE,0.006133259,0.000527704,0.0066642,Dec-25
2025/12/15,0,0,0,0, 3.0458 ,FALSE,FALSE,0,0,0,Dec-25
2025/12/16,0,0,0,0, 3.0458 ,FALSE,FALSE,0,0,0,Dec-25
2025/12/17,20,0.005001201,0.005708849,-0.000703631, 3.0508 ,TRUE,TRUE,0.005708849,-0.000703631,0.005001201,Dec-25
2025/12/18,43,-0.006538711,0,-0.006538711, 3.0443 ,TRUE,TRUE,0,-0.006538711,-0.006538711,Dec-25
2025/12/19,0,0,0,0, 3.0443 ,FALSE,FALSE,0,0,0,Dec-25
2025/12/22,0,0,0,0, 3.0443 ,FALSE,FALSE,0,0,0,Dec-25
2025/12/23,25,0.001323977,0,0.001323977, 3.0456 ,TRUE,TRUE,0,0.001323977,0.001323977,Dec-25
2025/12/24,34,0.00996587,0,0.00996587, 3.0556 ,TRUE,FALSE,0,0,0,Dec-25
2025/12/25,0,0,0,0, 3.0556 ,FALSE,FALSE,0,0,0,Dec-25
2025/12/26,0,0,0,0, 3.0556 ,FALSE,FALSE,0,0,0,Dec-25
2025/12/29,0,0,0,0, 3.0556 ,FALSE,FALSE,0,0,0,Dec-25
2025/12/30,45,0.000207544,-0.001770101,0.001981152, 3.0558 ,TRUE,TRUE,-0.001770101,0.001981152,0.000207544,Dec-25
2025/12/31,0,0,0,0, 3.0558 ,FALSE,FALSE,0,0,0,Dec-25
2026/1/5,0,0,0,0, 3.0558 ,FALSE,FALSE,0,0,0,Jan-26
2026/1/6,8,0.004694855,-0.001459732,0.006163585, 3.0605 ,TRUE,TRUE,-0.001459732,0.006163585,0.004694855,Jan-26
2026/1/7,0,0,0,0, 3.0605 ,FALSE,FALSE,0,0,0,Jan-26
2026/1/8,0,0,0,0, 3.0605 ,FALSE,FALSE,0,0,0,Jan-26
2026/1/9,47,-0.005149641,-0.002770316,-0.002385936, 3.0553 ,TRUE,TRUE,-0.002770316,-0.002385936,-0.005149641,Jan-26
2026/1/12,0,0,0,0, 3.0553 ,FALSE,FALSE,0,0,0,Jan-26
2026/1/13,0,0,0,0, 3.0553 ,FALSE,FALSE,0,0,0,Jan-26
2026/1/14,0,0,0,0, 3.0553 ,FALSE,FALSE,0,0,0,Jan-26
2026/1/15,0,0,0,0, 3.0553 ,FALSE,FALSE,0,0,0,Jan-26
2026/1/16,0,0,0,0, 3.0553 ,FALSE,FALSE,0,0,0,Jan-26
2026/1/19,34,-0.007332788,0,-0.007332788, 3.0480 ,TRUE,TRUE,0,-0.007332788,-0.007332788,Jan-26
2026/1/20,0,0,0,0, 3.0480 ,FALSE,FALSE,0,0,0,Jan-26
2026/1/21,47,0.000418198,-0.004656873,0.005098816, 3.0484 ,TRUE,TRUE,-0.004656873,0.005098816,0.000418198,Jan-26
2026/1/22,0,0,0,0, 3.0484 ,FALSE,FALSE,0,0,0,Jan-26
2026/1/23,22,0.019583121,-0.003673667,0.023342541, 3.0680 ,TRUE,TRUE,-0.003673667,0.023342541,0.019583121273149873,Jan-26
2026/1/26,0,0,0,0, 3.0680 ,FALSE,FALSE,0,0,0,Jan-26
2026/1/27,0,0,0,0, 3.0680 ,FALSE,FALSE,0,0,0,Jan-26
2026/1/28,0,0,0,0, 3.0680 ,FALSE,FALSE,0,0,0,Jan-26
2026/1/29,14,0.0136136,0.004733381,0.008838384, 3.0816 ,TRUE,TRUE,0.004733381,0.008838384,0.013613600081576527,Jan-26
2026/1/30,0,0,0,0, 3.0816 ,FALSE,FALSE,0,0,0,Jan-26
2026/2/2,3,0.018639165,0.018639165,0, 3.1002 ,TRUE,TRUE,0.018639164884920012,0,0.018639164884920012,Feb-26
2026/2/3,0,0,0,0, 3.1002 ,FALSE,FALSE,0,0,0,Feb-26
2026/2/4,0,0,0,0, 3.1002 ,FALSE,FALSE,0,0,0,Feb-26
2026/2/5,18,-0.000540209,-0.009944751,0.009499008, 3.0997 ,TRUE,TRUE,-0.009944751,0.009499008,-0.000540209,Feb-26
2026/2/6,31,0.02228337,0.023266098,-0.000960384, 3.1220 ,TRUE,TRUE,0.023266098321991002,-0.000960384,0.022283369776183504,Feb-26
2026/2/9,20,-0.002137842,-0.000288392,-0.001849983, 3.1198 ,TRUE,TRUE,-0.000288392,-0.001849983,-0.002137842,Feb-26
2026/2/10,28,0.005787037,0,0.005787037, 3.1256 ,TRUE,FALSE,0,0,0,Feb-26
2026/2/11,0,0,0,0, 3.1256 ,FALSE,FALSE,0,0,0,Feb-26
2026/2/12,34,-0.013435289,0,-0.013435289, 3.1122 ,TRUE,TRUE,0,-0.013435289,-0.013435289,Feb-26
2026/2/13,0,0,0,0, 3.1122 ,FALSE,FALSE,0,0,0,Feb-26
2026/2/24,0,0,0,0, 3.1122 ,FALSE,FALSE,0,0,0,Feb-26
2026/2/25,22,-0.001002068,-0.003470512,0.002477041, 3.1112 ,TRUE,TRUE,-0.003470512,0.002477041,-0.001002068,Feb-26
2026/2/26,0,0,0,0, 3.1112 ,FALSE,FALSE,0,0,0,Feb-26
2026/2/27,0,0,0,0, 3.1112 ,FALSE,FALSE,0,0,0,Feb-26
2026/3/2,29,0.008803487,0.000262657,0.008538588, 3.1200 ,TRUE,TRUE,0.000262657,0.008538588,0.008803487,Mar-26
2026/3/3,18,-0.00566161,-0.001596864,-0.004071247, 3.1143 ,TRUE,TRUE,-0.001596864,0.004071247,0.002467881,Mar-26
2026/3/5,0,0,0,0, 3.1143 ,FALSE,FALSE,0,0,0,Mar-26
2026/3/6,0,0,0,0, 3.1143 ,FALSE,FALSE,0,0,0,Mar-26
2026/3/9,0,0,0,0, 3.1143 ,FALSE,FALSE,0,0,0,Mar-26
2026/3/10,0,0,0,0, 3.1143 ,FALSE,FALSE,0,0,0,Mar-26
2026/3/11,0,0,0,0, 3.1143 ,FALSE,FALSE,0,0,0,Mar-26
2026/3/12,30,0.00094601,0,0.00094601, 3.1153 ,TRUE,TRUE,0,0.00094601,0.00094601,Mar-26
2026/3/13,0,0,0,0, 3.1153 ,FALSE,FALSE,0,0,0,Mar-26
2026/3/16,0,0,0,0, 3.1153 ,FALSE,FALSE,0,0,0,Mar-26
2026/3/17,0,0,0,0, 3.1153 ,FALSE,FALSE,0,0,0,Mar-26
2026/3/18,35,0.01306241,0.00736835,0.005652411, 3.1283 ,TRUE,TRUE,0.00736835,0.01242236,0.019882242440503184,Mar-26
2026/3/19,17,0.023274112,0,0.023274112, 3.1516 ,TRUE,TRUE,0,0.023274112,0.023274112,Mar-26
2026/3/20,0,0,0,0, 3.1516 ,FALSE,TRUE,0,-0.019397993,-0.019397993,Mar-26
2026/3/23,3,0.014429585,0.014429585,0, 3.1660 ,TRUE,TRUE,0.014429584709513055,0,0.014429584709513055,Mar-26
2026/3/24,0,0,0,0, 3.1660 ,FALSE,FALSE,0,0,0,Mar-26
2026/3/25,0,0,0,0, 3.1660 ,FALSE,FALSE,0,0,0,Mar-26
2026/3/26,46,0.006924808,-0.001960583,0.008902846, 3.1730 ,TRUE,FALSE,-0.001960583,0,-0.001960583,Mar-26
2026/3/27,45,-0.000738793,0.010775023,-0.011391076, 3.1722 ,FALSE,FALSE,0,0,0,Mar-26
2026/3/30,34,-0.017049436,0,-0.017049436, 3.1552 ,TRUE,TRUE,0,-0.017049436,-0.017049436,Mar-26
2026/3/31,18,0.017741169,0.009821004,0.007843137, 3.1729 ,TRUE,TRUE,0.009821004,0.007843137,0.017741169016315395,Mar-26
2026/4/1,8,-0.002265413,0.002707501,-0.004959486, 3.1707 ,TRUE,TRUE,0.002707501,-0.004959486,-0.002265413,Apr-26
2026/4/2,18,-0.007585368,0.00549741,-0.01301125, 3.1631 ,TRUE,TRUE,0.00549741,-0.01301125,-0.007585368,Apr-26
2026/4/3,0,0,0,0, 3.1631 ,FALSE,TRUE,0,-0.001909072,-0.001909072,Apr-26
2026/4/7,32,-0.036661893,-0.01727022,-0.019732456, 3.1264 ,TRUE,FALSE,-0.01727022,0,-0.01727022,Apr-26
2026/4/8,9,-0.008772708,-0.005883635,-0.002906172, 3.1176 ,TRUE,TRUE,-0.005883635,-0.002906172,-0.008772708,Apr-26
2026/4/9,26,0.001232704,0,0.001232704, 3.1189 ,TRUE,TRUE,0,0.001232704,0.001232704,Apr-26
2026/4/10,0,0,0,0, 3.1189 ,FALSE,FALSE,0,0,0,Apr-26
2026/4/13,0,0,0,0, 3.1189 ,FALSE,FALSE,0,0,0,Apr-26
2026/4/14,0,0,0,0, 3.1189 ,FALSE,TRUE,0,0.013014119091467213,0.013014119091467213,Apr-26
2026/4/15,0,0,0,0, 3.1189 ,FALSE,FALSE,0,0,0,Apr-26
2026/4/16,45,-0.004402967,0.002551834,-0.006937099, 3.1145 ,FALSE,TRUE,0,-0.006937099,-0.006937099,Apr-26
2026/4/17,35,-0.009560269,-0.001102612,-0.008466992, 3.1049 ,TRUE,TRUE,-0.001102612,-0.008466992,-0.009560269,Apr-26
2026/4/20,0,0,0,0, 3.1049 ,FALSE,FALSE,0,0,0,Apr-26
2026/4/21,0,0,0,0, 3.1049 ,FALSE,FALSE,0,0,0,Apr-26
2026/4/22,35,0.00142976,-0.000819113,0.002250716, 3.1063 ,TRUE,TRUE,-0.000819113,0.002250716,0.00142976,Apr-26
2026/4/23,0,0,0,0, 3.1063 ,FALSE,FALSE,0,0,0,Apr-26
2026/4/24,29,0.002312018,0.000543552,0.001767505, 3.1087 ,TRUE,TRUE,0.000543552,0.001767505,0.002312018,Apr-26
2026/4/27,0,0,0,0, 3.1087 ,FALSE,FALSE,0,0,0,Apr-26
2026/4/28,0,0,0,0, 3.1087 ,FALSE,FALSE,0,0,0,Apr-26
